Symbol,Name,Last,Change,%Chg,"Options Vol.","% Call Options","% Put Options",Time
BAC,"Bank of America Corp",28.55,-0.22,-0.76%,557269,68.7%,31.3%,07/13/18
NFLX,"Netflix Inc",395.8,-17.7,-4.28%,486548,61.8%,38.2%,07/13/18
MU,"Micron Technology",56.35,0.9,+1.62%,322952,65.3%,34.7%,07/13/18
AAPL,"Apple Inc",191.33,0.3,+0.16%,257476,61.3%,38.7%,07/13/18
FB,"Facebook Inc",207.32,0.4,+0.19%,256697,62.5%,37.5%,07/13/18
TSLA,"Tesla Inc",318.87,2.16,+0.68%,219628,55.5%,44.5%,07/13/18
C,"Citigroup Inc",67,-1.51,-2.20%,208239,68.8%,31.2%,07/13/18
T,"AT&T Inc",31.67,-0.56,-1.74%,206747,68.6%,31.4%,07/13/18
JPM,"JP Morgan Chase & Co",106.36,-0.49,-0.46%,201051,73.7%,26.3%,07/13/18
MSFT,"Microsoft Corp",105.43,1.24,+1.19%,197813,71.4%,28.6%,07/13/18
BABA,"Alibaba Group Holding Ltd",190.04,-0.13,-0.07%,197615,67.5%,32.5%,07/13/18
WFC,"Wells Fargo & Company",55.36,-0.67,-1.20%,184337,48.2%,51.8%,07/13/18
CSCO,"Cisco Systems Inc",41.78,-1.8,-4.13%,179921,51.9%,48.1%,07/13/18
GE,"General Electric Company",13.89,-0.1,-0.71%,153178,56.1%,43.9%,07/13/18
FOXA,"21st Centry Fox Class A",47.56,0.18,+0.38%,152350,64.5%,35.5%,07/13/18
JD,"Jd.Com Inc Ads",38.27,-0.25,-0.65%,137725,54.2%,45.8%,07/13/18
AMZN,"Amazon.Com Inc",1813.03,16.41,+0.91%,133385,50.8%,49.2%,07/13/18
AMD,"Adv Micro Devices",16.27,-0.29,-1.75%,122221,59.6%,40.4%,07/13/18
TWTR,"Twitter Inc",44.49,-0.77,-1.70%,112064,61.4%,38.6%,07/13/18
CMCSA,"Comcast Corp A",34.7,0.15,+0.43%,108566,70.6%,29.4%,07/13/18
SQ,Square,66.97,-0.31,-0.46%,104492,73.8%,26.2%,07/13/18
NVDA,"Nvidia Corp",249.32,-1.91,-0.76%,94691,51.2%,48.8%,07/13/18
AVGO,"Broadcom Ltd",202.46,-7.52,-3.58%,93960,66.7%,33.3%,07/13/18
ORCL,"Oracle Corp",48.63,0.48,+1.00%,76499,78.1%,21.9%,07/13/18
GOOGL,"Alphabet Class A",1204.42,3.16,+0.26%,74294,67.8%,32.2%,07/13/18
NXPI,"Nxp Semiconductors",107.52,-0.87,-0.80%,65262,59.6%,40.4%,07/13/18
AAL,"American Airlines Gp",37.12,0.79,+2.17%,64489,79.7%,20.3%,07/13/18
IQ,"Iqiyi Inc. ADR",33.95,-1.09,-3.11%,63717,77.1%,22.9%,07/13/18
ROKU,"Roku Inc",48.76,0.45,+0.93%,60342,75.7%,24.3%,07/13/18
DIS,"Walt Disney Company",110,1.75,+1.62%,57927,82.0%,18.0%,07/13/18
INTC,"Intel Corp",52.22,-0.13,-0.25%,56932,57.0%,43.0%,07/13/18
BA,"Boeing Company",350.79,4.76,+1.38%,56904,68.6%,31.4%,07/13/18
WMT,"Wal-Mart Stores",87.7,1.18,+1.36%,54112,70.0%,30.0%,07/13/18
OCLR,"Oclaro Inc",9.03,-0.04,-0.44%,52532,0.2%,99.8%,07/13/18
SBUX,"Starbucks Corp",51.62,1.37,+2.73%,49828,75.0%,25.0%,07/13/18
SKX,"Skechers U.S.A.",31.29,0.33,+1.07%,49139,92.3%,7.7%,07/13/18
AABA,"Altaba Inc",74.48,-0.13,-0.17%,46728,38.4%,61.6%,07/13/18
SNAP,"Snap Inc",13.36,-0.29,-2.12%,45848,68.0%,32.0%,07/13/18
GS,"Goldman Sachs Group",226.41,-0.81,-0.36%,45085,59.1%,40.9%,07/13/18
FCX,"Freeport-Mcmoran Inc",16.8,-0.49,-2.83%,44744,60.1%,39.9%,07/13/18
VRX,"Valeant Pharmaceuticals Intl",23.4,-0.83,-3.43%,43267,44.4%,55.6%,07/13/18
GOOG,"Alphabet Class C",1188.82,5.34,+0.45%,39959,57.7%,42.3%,07/13/18
PBR,"Petroleo Brasileiro S.A. Petrobras",10.69,0.06,+0.56%,38815,44.8%,55.2%,07/13/18
PYPL,"Paypal Holdings",87.99,-1.14,-1.28%,38759,69.7%,30.3%,07/13/18
PAGS,"Pagseguro Digital Ltd. Class A",27.3,0.95,+3.61%,38336,98.4%,1.6%,07/13/18
X,"United States Steel Corp",36.21,0.27,+0.75%,37377,69.8%,30.2%,07/13/18
JNJ,"Johnson & Johnson",125.93,-1.83,-1.43%,37092,60.4%,39.6%,07/13/18
BIDU,"Baidu Inc",267.19,-4.26,-1.57%,36555,68.7%,31.3%,07/13/18
F,"Ford Motor Company",10.98,-0.07,-0.63%,36199,54.6%,45.4%,07/13/18
GRPN,"Groupon Cl A",4.67,-0.13,-2.71%,36049,38.5%,61.5%,07/13/18
DE,"Deere & Company",137.58,-3.22,-2.29%,35372,81.8%,18.2%,07/13/18
PCG,"Pacific Gas & Electric Co",43.27,-0.39,-0.89%,35140,87.6%,12.4%,07/13/18
CAT,"Caterpillar Inc",140.75,1.33,+0.95%,34901,61.9%,38.1%,07/13/18
MS,"Morgan Stanley",48.08,0.06,+0.12%,34116,50.6%,49.4%,07/13/18
V,"Visa Inc",139.42,-0.48,-0.34%,33886,55.4%,44.6%,07/13/18
LOW,"Lowe's Companies",99.58,1.28,+1.30%,33657,89.4%,10.6%,07/13/18
XOM,"Exxon Mobil Corp",83.31,0.62,+0.75%,33654,62.5%,37.5%,07/13/18
CELG,"Celgene Corp",85.69,0.09,+0.11%,33146,79.8%,20.2%,07/13/18
ADBE,"Adobe Systems Inc",258.59,3.72,+1.46%,30988,61.0%,39.0%,07/13/18
QCOM,"Qualcomm Inc",58.39,0.07,+0.12%,29303,71.7%,28.3%,07/13/18
DAL,"Delta Air Lines Inc",50.77,0.04,+0.08%,27349,66.7%,33.3%,07/13/18
BBY,"Best Buy Co",75.88,1.19,+1.59%,26951,47.1%,52.9%,07/13/18
RF,"Regions Financial Corp",17.21,-0.31,-1.77%,26516,89.4%,10.6%,07/13/18
COP,Conocophillips,72,0.55,+0.77%,26210,37.8%,62.2%,07/13/18
MCD,"McDonald's Corp",158.51,-0.61,-0.38%,25737,60.0%,40.0%,07/13/18
CRM,"Salesforce.Com Inc",147.61,-0.55,-0.37%,25557,65.5%,34.5%,07/13/18
MO,"Altria Group",58.5,0.49,+0.84%,24493,50.1%,49.9%,07/13/18
CHK,"Chesapeake Energy Corp",5.19,0.07,+1.37%,24286,77.6%,22.4%,07/13/18
WDAY,"Workday Inc",134.76,-2.55,-1.86%,23829,52.0%,48.0%,07/13/18
UTX,"United Technologies Corp",129.51,2.16,+1.70%,23641,45.6%,54.4%,07/13/18
SYF,"Synchrony Financial",32.44,-0.52,-1.58%,23587,32.9%,67.1%,07/13/18
ON,"On Semiconductor",23.48,-0.03,-0.13%,22975,71.6%,28.4%,07/13/18
VALE,"Vale S.A.",13.14,0.12,+0.92%,22453,29.5%,70.5%,07/13/18
M,"Macy's Inc",36.39,0.27,+0.75%,22045,70.9%,29.1%,07/13/18
JCP,"J.C. Penney Company Inc",2.38,-0.01,-0.42%,22000,23.6%,76.4%,07/13/18
UNP,"Union Pacific Corp",139.94,-0.33,-0.24%,21964,16.1%,83.9%,07/13/18
CVX,"Chevron Corp",124.04,-0.22,-0.18%,21843,66.6%,33.4%,07/13/18
AMAT,"Applied Materials",46.13,0.45,+0.99%,21703,57.0%,43.0%,07/13/18
TEVA,"Teva Pharmaceutical Industries Ltd",23.29,-0.44,-1.85%,21637,53.7%,46.3%,07/13/18
UAL,"United Continental Holdings",72.1,1.06,+1.49%,21479,53.3%,46.7%,07/13/18
IBM,"International Business Machines",145.9,-0.55,-0.38%,21051,77.2%,22.8%,07/13/18
HD,"Home Depot",198.69,0.74,+0.37%,20935,60.4%,39.6%,07/13/18
GILD,"Gilead Sciences Inc",77.38,-0.22,-0.28%,20827,64.9%,35.1%,07/13/18
CCL,"Carnival Corp",58.05,-0.35,-0.60%,18983,59.3%,40.7%,07/13/18
ATVI,"Activision Blizzard",81.5,0.13,+0.16%,18944,70.1%,29.9%,07/13/18
GOGO,"Gogo Inc",4.04,-0.78,-16.18%,18887,57.1%,42.9%,07/13/18
USB,"U.S. Bancorp",50.91,-0.45,-0.88%,18506,55.7%,44.3%,07/13/18
MGM,"MGM Resorts International",30.95,0.45,+1.48%,18382,80.2%,19.8%,07/13/18
DB,"Deutsche Bank Ag",11.24,0.04,+0.36%,18144,50.8%,49.2%,07/13/18
VZ,"Verizon Communications Inc",51.41,0.17,+0.33%,17949,64.1%,35.9%,07/13/18
MA,"Mastercard Inc",205.91,-1.87,-0.90%,17798,53.1%,46.9%,07/13/18
AKRX,"Akorn Inc",17.91,-1.3,-6.77%,17749,44.1%,55.9%,07/13/18
AMGN,"Amgen Inc.",195.91,1.83,+0.94%,17560,75.7%,24.3%,07/13/18
WBA,"Walgreens Boots Alliance",65.17,1.29,+2.02%,17469,53.6%,46.4%,07/13/18
GM,"General Motors Company",39.36,0.09,+0.23%,17288,66.4%,33.6%,07/13/18
RTN,"Raytheon Company",199.75,2.23,+1.13%,17270,62.7%,37.3%,07/13/18
TGT,"Target Corp",77.72,1.22,+1.59%,17160,44.1%,55.9%,07/13/18
COST,"Costco Wholesale",216.54,2.52,+1.18%,17157,62.2%,37.8%,07/13/18
CVS,"CVS Corp",68.63,0.64,+0.94%,16869,72.2%,27.8%,07/13/18
WYNN,"Wynn Resorts Ltd",165.24,0.71,+0.43%,16352,64.1%,35.9%,07/13/18
BK,"Bank of New York Mellon Corp",53.03,-0.47,-0.88%,16285,4.5%,95.5%,07/13/18
WDC,"Western Digital Cp",79.52,0.67,+0.85%,16095,64.8%,35.2%,07/13/18
PFE,"Pfizer Inc",37.53,0.01,+0.03%,15860,75.0%,25.0%,07/13/18
I,"Intelsat S.A.",20.7,1.08,+5.50%,15516,63.5%,36.5%,07/13/18
RIG,"Transocean Inc",13.47,-0.05,-0.37%,15486,53.5%,46.5%,07/13/18
KR,"Kroger Company",28.05,0.1,+0.36%,15207,19.6%,80.4%,07/13/18
AMTD,"TD Ameritrade HD",55.07,-0.08,-0.15%,15167,12.9%,87.1%,07/13/18
HPE,"Hewlett Packard Enterprise Comp",15.49,0.1,+0.65%,15085,24.0%,76.0%,07/13/18
DNR,"Denbury Resources",4.89,-0.08,-1.61%,14984,19.9%,80.1%,07/13/18
HAL,"Halliburton Company",45.35,0.43,+0.96%,14838,70.9%,29.1%,07/13/18
DVN,"Devon Energy Corp",44.72,0.79,+1.80%,14131,75.8%,24.2%,07/13/18
LB,"L Brands Inc",31.71,-0.63,-1.95%,13898,45.4%,54.6%,07/13/18
BP,"BP Plc",45.37,0.02,+0.04%,13886,70.6%,29.4%,07/13/18
BBT,"BB&T Corp",50.93,-0.62,-1.20%,13790,56.8%,43.2%,07/13/18
FEYE,"Fireeye Inc",17.29,-0.06,-0.35%,13727,60.5%,39.5%,07/13/18
UAA,"Under Armour",21.49,-0.42,-1.92%,13572,50.9%,49.1%,07/13/18
BMY,"Bristol-Myers Squibb Company",56.86,0.05,+0.09%,13545,78.4%,21.6%,07/13/18
HMNY,"Helios and Matsn Ana",0.15,-0.03,-16.67%,13442,61.3%,38.7%,07/13/18
EBAY,"Ebay Inc",37.61,0.06,+0.16%,13414,45.9%,54.1%,07/13/18
ERJ,"Embraer-Empresa Brasileira De Aeronautica",21.5,-0.78,-3.50%,13342,63.0%,37.0%,07/13/18
SLB,"Schlumberger N.V.",68.08,0.61,+0.90%,12908,62.8%,37.2%,07/13/18
NVRO,"Nevro Corp",57.77,-10.27,-15.09%,12724,53.1%,46.9%,07/13/18
PNC,"PNC Bank",138.32,0.33,+0.24%,12504,70.4%,29.6%,07/13/18
STX,"Seagate Tech Ord Shs",59.02,0,unch,12257,34.1%,65.9%,07/13/18
SFM,"Sprouts Farmers Mark",22.29,0.26,+1.18%,12097,33.4%,66.6%,07/13/18
FL,"Footlocker Inc",52.67,0.75,+1.44%,12021,63.9%,36.1%,07/13/18
MRK,"Merck & Company",62.89,0.23,+0.37%,11902,63.4%,36.6%,07/13/18
WPX,"Wpx Energy Inc",18.74,0.19,+1.02%,11761,79.4%,20.6%,07/13/18
BB,"Blackberry Ltd",10.2,0.11,+1.09%,11702,75.4%,24.6%,07/13/18
SWK,"Stanley Black & Decker Inc",135.57,0.95,+0.71%,11588,26.5%,73.5%,07/13/18
MDXG,"Mimedx Group Inc",3.37,0.02,+0.60%,11518,18.5%,81.5%,07/13/18
MDT,"Medtronic Inc",88.36,0.49,+0.56%,11316,81.6%,18.4%,07/13/18
ZION,"Zions Bancorporation",51.76,-0.79,-1.50%,11264,92.2%,7.8%,07/13/18
LRCX,"Lam Research Corp",171.79,0.47,+0.27%,11221,59.7%,40.3%,07/13/18
GGP,"Ggp Inc",20.9,0.04,+0.19%,11218,8.9%,91.1%,07/13/18
FDX,"Fedex Corp",233.75,1.06,+0.46%,11155,69.2%,30.8%,07/13/18
ISRG,"Intuitive Surg Inc",524.34,-0.66,-0.13%,11088,72.7%,27.3%,07/13/18
GD,"General Dynamics Corp",192.74,-0.9,-0.46%,11037,16.7%,83.3%,07/13/18
PEP,"Pepsico Inc",112.69,1.16,+1.04%,11023,58.7%,41.3%,07/13/18
PZZA,"Papa John's Intl",53.55,-0.12,-0.22%,10981,29.7%,70.3%,07/13/18
KMI,"Kinder Morgan",17.91,-0.12,-0.67%,10917,48.8%,51.2%,07/13/18
DISH,"Dish Network Corp",33.59,0.21,+0.63%,10733,8.7%,91.3%,07/13/18
CZR,"Caesars Entertainment Corp",11.5,0,unch,10704,91.4%,8.6%,07/13/18
WMB,"Williams Companies",27.32,0.15,+0.55%,10641,96.3%,3.7%,07/13/18
AAOI,"Applied Optoelect",47.78,-1.02,-2.09%,10579,69.0%,31.0%,07/13/18
YELP,"Yelp Inc",39.79,-0.93,-2.28%,10561,39.8%,60.2%,07/13/18
TPX,"Tempur-Pedic International Inc",51.82,2.28,+4.60%,10538,63.7%,36.3%,07/13/18
BIIB,"Biogen Inc",348.48,0.82,+0.24%,10520,59.2%,40.8%,07/13/18
PG,"Procter & Gamble Company",79.31,0.42,+0.53%,10373,70.1%,29.9%,07/13/18
SYMC,"Symantec Corp",21.67,0.05,+0.23%,10353,75.2%,24.8%,07/13/18
KORS,"Michael Kors Holdings Ltd",66.55,0.11,+0.17%,10303,67.5%,32.5%,07/13/18
LVS,"Las Vegas Sands",73.73,0.55,+0.75%,10288,43.4%,56.6%,07/13/18
ABBV,"Abbvie Inc",96.63,1.02,+1.07%,10287,56.7%,43.3%,07/13/18
KSS,"Kohl's Corp",69.13,-0.25,-0.36%,10282,31.2%,68.8%,07/13/18
OPK,"Opko Health Inc",5.86,-0.35,-5.64%,10216,37.9%,62.1%,07/13/18
CLF,"Cleveland-Cliffs Inc",8.4,0.06,+0.72%,9937,72.4%,27.6%,07/13/18
NKE,"Nike Inc",77.38,0.01,+0.01%,9670,69.3%,30.7%,07/13/18
DBX,"Dropbox Inc",32.17,-0.25,-0.77%,9666,56.3%,43.7%,07/13/18
RHT,"Red Hat Inc",147.63,-2.37,-1.58%,9607,75.4%,24.6%,07/13/18
GT,"Goodyear Tire Rubber",22.68,-0.56,-2.41%,9512,22.8%,77.2%,07/13/18
AVEO,"Aveo Pharmaceuticals",2.9,0,unch,9424,72.2%,27.8%,07/13/18
OSTK,"Overstock.Com Inc",38.85,0.8,+2.10%,9353,64.9%,35.1%,07/13/18
AG,"First Majestic Silver",7.7,0.08,+1.05%,9190,86.4%,13.6%,07/13/18
FSLR,"First Solar Inc",54.06,-0.64,-1.17%,9181,62.5%,37.5%,07/13/18
JNPR,"Juniper Networks",27.86,-0.65,-2.28%,9151,36.2%,63.8%,07/13/18
GPS,"Gap Inc",29.4,-0.19,-0.64%,9083,56.5%,43.5%,07/13/18
OXY,"Occidental Petroleum Corp",83.64,-0.92,-1.09%,8897,91.3%,8.7%,07/13/18
IGT,"International Game Technology",24.89,0.29,+1.18%,8829,86.0%,14.0%,07/13/18
WLL,"Whiting Petroleum Corp",52.47,0.42,+0.81%,8743,46.0%,54.0%,07/13/18
RH,"Restoration Hardware Holdings",143.2,9.86,+7.39%,8706,59.8%,40.2%,07/13/18
PM,"Philip Morris International Inc",82.68,-0.52,-0.62%,8689,71.2%,28.8%,07/13/18
ETFC,"E*Trade Finl Corp",59.76,-0.76,-1.26%,8627,39.1%,60.9%,07/13/18
SPOT,"Spotify Technology S.A.",187.21,-1.14,-0.61%,8583,62.6%,37.4%,07/13/18
AXP,"American Express Company",100.5,-0.65,-0.64%,8516,46.7%,53.3%,07/13/18
CMG,"Chipotle Mexican Grill",457.21,-1.84,-0.40%,8451,48.9%,51.1%,07/13/18
NOK,"Nokia Corp",5.81,-0.09,-1.53%,8425,13.2%,86.8%,07/13/18
KMB,"Kimberly-Clark Corp",105.62,0.49,+0.47%,8417,81.7%,18.3%,07/13/18
SRPT,"Sarepta Therapeutics",139.42,1.95,+1.42%,8257,96.7%,3.3%,07/13/18
GERN,"Geron Corp",3.62,-0.19,-4.99%,8122,49.5%,50.5%,07/13/18
EA,"Electronic Arts Inc",148.73,0.12,+0.08%,8048,69.6%,30.4%,07/13/18
LLY,"Eli Lilly and Company",89.71,0.8,+0.90%,7813,86.5%,13.5%,07/13/18
KO,"Coca-Cola Company",44.74,0.07,+0.16%,7800,76.2%,23.8%,07/13/18
AIG,"American International Group",54.24,-0.06,-0.11%,7753,79.0%,21.0%,07/13/18
BKS,"Barnes & Noble",5.4,0,unch,7640,99.3%,0.7%,07/13/18
NTNX,"Nutanix Inc",56.35,-0.97,-1.69%,7639,78.6%,21.4%,07/13/18
LMT,"Lockheed Martin Corp",318.37,5.06,+1.62%,7620,72.6%,27.4%,07/13/18
PENN,"Penn Natl Gaming Inc",36.59,0.14,+0.38%,7520,97.9%,2.1%,07/13/18
FDC,"First Data Corp",22.31,-0.14,-0.62%,7459,69.0%,31.0%,07/13/18
BKNG,"Booking Holdings Inc.",2031.44,-25.67,-1.25%,7432,57.4%,42.6%,07/13/18
BX,"The Blackstone Group LP",35.21,0.15,+0.43%,7413,78.9%,21.1%,07/13/18
OLED,"Universal Display",93.55,-0.1,-0.11%,7405,66.3%,33.7%,07/13/18
PEGI,"Pattern Energy Cl A",17.09,-1.56,-8.36%,7362,15.3%,84.7%,07/13/18
MRVL,"Marvell Tech Group",21.86,-0.28,-1.26%,7333,56.6%,43.4%,07/13/18
GME,"Gamestop Corp",15.28,0.19,+1.26%,7280,65.4%,34.6%,07/13/18
LUV,"Southwest Airlines Company",53.09,0.32,+0.61%,7252,66.1%,33.9%,07/13/18
AKS,"AK Steel Holding Corp",4.61,0.02,+0.44%,7230,69.3%,30.7%,07/13/18
MMM,"3M Company",201.18,1.86,+0.93%,7194,63.7%,36.3%,07/13/18
AGN,"Allergan Plc",177.15,0.63,+0.36%,7188,65.0%,35.0%,07/13/18
JBHT,"J B Hunt Transport",121.83,0.98,+0.81%,7010,84.2%,15.8%,07/13/18
NTES,"Netease Inc Ads",266.11,-0.99,-0.37%,7009,42.2%,57.8%,07/13/18
APA,"Apache Corp",47.45,0.38,+0.81%,7000,71.0%,29.0%,07/13/18
LULU,"Lululemon Athletica",125.45,-0.27,-0.21%,6997,45.9%,54.1%,07/13/18
ABT,"Abbott Laboratories",63.06,0.32,+0.51%,6985,83.2%,16.8%,07/13/18
GPRO,"Gopro Inc Cl A",6.31,0.11,+1.77%,6901,70.6%,29.4%,07/13/18
FTI,"Technipfmc Plc",30.94,0.07,+0.23%,6859,97.5%,2.5%,07/13/18
MRO,"Marathon Oil Corp",21.48,0.05,+0.23%,6845,73.7%,26.3%,07/13/18
SNE,"Sony Corp",53.31,1.1,+2.11%,6792,94.3%,5.7%,07/13/18
ANET,"Arista Networks Inc",266.49,-11.87,-4.26%,6734,44.7%,55.3%,07/13/18
ABX,"Barrick Gold Corp",12.91,-0.03,-0.23%,6725,70.7%,29.3%,07/13/18
ZGNX,"Zogenix Inc",61.35,5.45,+9.75%,6702,77.7%,22.3%,07/13/18
HON,"Honeywell International Inc",147.5,-0.39,-0.26%,6639,71.5%,28.5%,07/13/18
HPQ,"Hewlett-Packard Company",23.71,0.18,+0.76%,6558,28.0%,72.0%,07/13/18
DWDP,"Dowdupont Inc",66.36,0.11,+0.17%,6557,74.3%,25.7%,07/13/18
CF,"Cf Industries Holdings",42.31,-0.81,-1.88%,6548,68.6%,31.4%,07/13/18
SWN,"Southwestern Energy Company",5.38,0.03,+0.56%,6506,72.9%,27.1%,07/13/18
STI,"Suntrust Banks",67.64,-1.22,-1.77%,6503,19.4%,80.6%,07/13/18
NBR,"Nabors Industries",6.07,-0.25,-3.96%,6442,72.8%,27.2%,07/13/18
COF,"Capital One Financial Corp",94.59,-0.65,-0.68%,6440,18.5%,81.5%,07/13/18
CSX,"CSX Corp",64.71,0.03,+0.05%,6407,48.6%,51.4%,07/13/18
GG,"Goldcorp Inc",13.23,-0.07,-0.53%,6339,51.9%,48.1%,07/13/18
TWLO,Twilio,61.14,-0.26,-0.42%,6299,42.1%,57.9%,07/13/18
CA,"CA Inc",44.06,-0.09,-0.20%,6267,38.1%,61.9%,07/13/18
KEY,Keycorp,19.56,-0.18,-0.91%,6175,95.3%,4.7%,07/13/18
ALGN,"Align Technology I",363.45,0.63,+0.17%,6100,65.5%,34.5%,07/13/18
BLK,Blackrock,507.09,0.42,+0.08%,6065,48.0%,52.0%,07/13/18
ULTA,"Ulta Salon Cosmetic",259.87,7,+2.77%,6052,71.2%,28.8%,07/13/18
NKTR,"Nektar Therapeutics",47.79,0.12,+0.25%,5983,94.9%,5.1%,07/13/18
MYL,"Mylan Nv Ord Shs",36.58,0.36,+0.99%,5938,77.2%,22.8%,07/13/18
JWN,Nordstrom,52.18,-1.21,-2.27%,5883,24.3%,75.7%,07/13/18
VLO,"Valero Energy Corp",107.34,0.55,+0.52%,5860,59.6%,40.4%,07/13/18
SHOP,"Shopify Inc",166.18,-1.32,-0.79%,5846,51.7%,48.3%,07/13/18
DLR,"Digital Realty Trust",116.24,-0.02,-0.02%,5843,2.6%,97.4%,07/13/18
W,"Wayfair Inc",119.17,1.11,+0.94%,5837,29.0%,71.0%,07/13/18
BERY,"Berry Global Group",47.15,-0.42,-0.88%,5833,98.9%,1.1%,07/13/18
INFY,"Infosys Ltd",19.42,-0.59,-2.95%,5755,43.2%,56.8%,07/13/18
CMI,"Cummins Inc",136.86,2.37,+1.76%,5688,62.4%,37.6%,07/13/18
SOGO,"Sogou Inc",10.78,-0.29,-2.62%,5681,25.8%,74.2%,07/13/18
HTZ,"Hertz Global Holdings Inc",14.1,-0.07,-0.49%,5669,29.5%,70.5%,07/13/18
MOS,"Mosaic Company",28.15,-0.1,-0.35%,5659,84.9%,15.1%,07/13/18
ALXN,"Alexion Pharm Inc",135.87,1.58,+1.18%,5656,76.3%,23.7%,07/13/18
ECA,"Encana Corp",13.24,0.33,+2.56%,5599,95.3%,4.7%,07/13/18
ESRX,"Express Scripts",81.48,-0.13,-0.16%,5566,76.8%,23.2%,07/13/18
EPC,"Edgewell Personal Care",51.64,-0.06,-0.12%,5545,95.3%,4.7%,07/13/18
WWE,"World Wrestling Entertainment",76.9,2.36,+3.17%,5524,72.0%,28.0%,07/13/18
CPB,"Campbell Soup Company",41.05,-0.32,-0.77%,5510,89.2%,10.8%,07/13/18
CYH,"Community Health Systems",2.86,-0.06,-2.05%,5497,15.3%,84.7%,07/13/18
EXPE,"Expedia Group Inc.",126.95,-0.42,-0.33%,5450,55.6%,44.4%,07/13/18
WTW,"Weight Watchers International Inc",92.03,-1.43,-1.53%,5449,34.6%,65.4%,07/13/18
MOMO,"Momo Inc Ads",43.96,-1.42,-3.13%,5431,64.3%,35.7%,07/13/18
DG,"Dollar General Corp",99.5,0.95,+0.96%,5282,68.4%,31.6%,07/13/18
URI,"United Rentals",154.83,2.52,+1.65%,5196,68.4%,31.6%,07/13/18
HES,"Hess Corp",66.54,-0.2,-0.30%,5183,71.4%,28.6%,07/13/18
FLR,"Fluor Corp",49.45,0.56,+1.15%,5159,7.5%,92.5%,07/13/18
ADSK,"Autodesk Inc",137.21,-0.25,-0.18%,5125,55.8%,44.2%,07/13/18
MDLZ,"Mondelez Intl Cmn A",42.83,0.38,+0.90%,5090,49.8%,50.2%,07/13/18
WPZ,"Williams Partners LP",41.05,0.03,+0.07%,5089,99.8%,0.2%,07/13/18
MPC,"Marathon Petroleum Corp",71.74,1.23,+1.74%,5023,45.8%,54.2%,07/13/18
YUMC,"Yum China Holdings Inc",36.62,0.05,+0.14%,5017,4.5%,95.5%,07/13/18
JAG,"Jagged Peak Energy Inc",14.19,0.11,+0.78%,5002,99.6%,0.4%,07/13/18
LNG,"Cheniere Energy",62.06,-0.52,-0.83%,4962,68.2%,31.8%,07/13/18
AMRN,"Amarin Corp Ads",3.05,0.03,+0.99%,4943,86.8%,13.2%,07/13/18
BUD,"Anheuser-Busch Inbev S.A.",103.92,0.51,+0.49%,4925,48.1%,51.9%,07/13/18
APC,"Anadarko Petroleum Corp",74.59,0.9,+1.22%,4872,46.9%,53.1%,07/13/18
NWL,"Newell Rubbermaid Inc",27.8,0.28,+1.02%,4864,53.9%,46.1%,07/13/18
AZN,"Astrazeneca Plc",37.16,0.2,+0.54%,4857,61.0%,39.0%,07/13/18
CRC,"California Resources Corporatio",40.53,-0.36,-0.88%,4846,55.6%,44.4%,07/13/18
UPS,"United Parcel Service",108.97,0.44,+0.41%,4824,70.7%,29.3%,07/13/18
CTL,Centurylink,19.88,-0.12,-0.60%,4822,79.9%,20.1%,07/13/18
AA,"Alcoa Corp",47.26,-0.14,-0.30%,4799,47.6%,52.4%,07/13/18
STNG,"Scorpio Tankers Inc",2.62,-0.14,-5.07%,4775,100.0%,0.0%,07/13/18
VOD,"Vodafone Grp Plc Ads",24.16,-0.2,-0.82%,4766,82.3%,17.7%,07/13/18
PANW,"Palo Alto Networks Inc",215.95,-2.37,-1.09%,4765,47.1%,52.9%,07/13/18
MAT,"Mattel Inc",16.46,-0.75,-4.36%,4736,19.5%,80.5%,07/13/18
NRG,"NRG Energy",31.57,0.09,+0.29%,4712,19.3%,80.7%,07/13/18
UNH,"Unitedhealth Group Inc",258.7,2.65,+1.03%,4670,64.2%,35.8%,07/13/18
TECK,"Teck Resources Ltd",24.63,0.07,+0.29%,4666,76.8%,23.2%,07/13/18
PII,"Polaris Industries Inc",122.42,0.23,+0.19%,4533,68.5%,31.5%,07/13/18
MLCO,"Melco Resorts & Entertainment",24.91,-0.2,-0.80%,4487,19.8%,80.2%,07/13/18
VMW,"Vmware Inc",155.05,-0.22,-0.14%,4485,68.0%,32.0%,07/13/18
AMBA,"Ambarella Inc",37.91,-1.12,-2.87%,4461,53.1%,46.9%,07/13/18
HLT,"Hilton Inc",80.97,-0.03,-0.04%,4443,5.6%,94.4%,07/13/18
VIPS,"Vipshop Holdings Ltd",10.24,-0.08,-0.78%,4426,80.0%,20.0%,07/13/18
NEM,"Newmont Mining Corp",36.84,-0.29,-0.78%,4415,62.3%,37.7%,07/13/18
BBD,"Banco Bradesco S.A.",7.49,0.25,+3.45%,4396,61.8%,38.2%,07/13/18
CME,"CME Group Inc",166.91,0.21,+0.13%,4386,56.9%,43.1%,07/13/18
CI,"Cigna Corp",173.09,0.13,+0.08%,4367,85.4%,14.6%,07/13/18
SNA,"Snap-On Inc",165.26,1.16,+0.71%,4344,96.5%,3.5%,07/13/18
VRTX,"Vertex Pharmaceutic",180.5,2.23,+1.25%,4258,78.8%,21.2%,07/13/18
TRXC,"Transenterix Inc",4.6,0.16,+3.60%,4241,80.5%,19.5%,07/13/18
DDD,"3D Systems Corp",15.35,-0.41,-2.60%,4186,69.0%,31.0%,07/13/18
DHI,"D.R. Horton",41.47,-0.19,-0.46%,4169,85.4%,14.6%,07/13/18
CMA,"Comerica Inc",89.46,-1.03,-1.14%,4167,79.2%,20.8%,07/13/18
SWKS,"Skyworks Solutions",99.6,-0.22,-0.22%,4162,48.3%,51.7%,07/13/18
CTSH,"Cognizant Tech Sol",81.71,-1.61,-1.93%,4131,87.9%,12.1%,07/13/18
BLMN,"Bloomin' Brands Inc",21.07,0.27,+1.30%,4098,95.4%,4.6%,07/13/18
EOG,"Eog Resources",125.96,1.82,+1.47%,4094,60.6%,39.4%,07/13/18
STZ,"Constellation Brands Inc",215.5,-2.02,-0.93%,4073,49.3%,50.7%,07/13/18
BCS,"Barclays Plc",10.15,-0.02,-0.20%,4069,1.3%,98.7%,07/13/18
CQP,"Cheniere Energy Partners LP",36.45,0,unch,4067,0.4%,99.6%,07/13/18
TXN,"Texas Instruments",115.14,-0.7,-0.60%,4040,63.0%,37.0%,07/13/18
ITUB,"Itau Unibanco Banco Holding S.A.",11.5,0.39,+3.51%,3998,35.8%,64.2%,07/13/18
APRN,"Blue Apron Holdings Inc",3.89,-0.03,-0.77%,3987,84.6%,15.4%,07/13/18
SNBR,"Sleep Number Corporation",30.11,0.31,+1.04%,3906,9.2%,90.8%,07/13/18
NEPT,"Neptune Tech",3.23,-0.22,-6.38%,3902,97.7%,2.3%,07/13/18
ERII,"Energy Recovery Inc",8.04,-0.02,-0.25%,3888,1.2%,98.8%,07/13/18
NTAP,"Netapp Inc",82.7,0.85,+1.04%,3885,50.4%,49.6%,07/13/18
YNDX,"Yandex N.V.",37.91,-0.65,-1.69%,3882,91.4%,8.6%,07/13/18
GIS,"General Mills",44.91,0.33,+0.74%,3796,55.2%,44.8%,07/13/18
HAIN,"Hain Celestial Grp",30.02,0.26,+0.87%,3794,93.3%,6.7%,07/13/18
OKTA,"Okta Inc Class A",54.15,-0.51,-0.93%,3791,81.7%,18.3%,07/13/18
MNST,"Monster Beverage Cp",61.21,0.22,+0.36%,3765,66.7%,33.3%,07/13/18
NOW,"Servicenow Inc",191.06,-3.6,-1.85%,3725,66.7%,33.3%,07/13/18
TMUS,"T-Mobile US",61.68,0.1,+0.16%,3665,74.7%,25.3%,07/13/18
THC,"Tenet Healthcare Corp",34.24,0,unch,3651,27.2%,72.8%,07/13/18
UNIT,"Uniti Group Inc",21.7,0.07,+0.32%,3648,27.1%,72.9%,07/13/18
FIT,"Fitbit Inc",6.65,0,unch,3631,73.6%,26.4%,07/13/18
SPLK,"Splunk Inc",105.85,-0.09,-0.08%,3627,76.2%,23.8%,07/13/18
PAA,"Plains All American Pipeline LP",23.53,0.31,+1.34%,3618,95.5%,4.5%,07/13/18
NOC,"Northrop Grumman Corp",321.73,-0.4,-0.12%,3607,69.0%,31.0%,07/13/18
AEO,"American Eagle Outfitters",23.01,0,unch,3490,36.6%,63.4%,07/13/18
BBBY,"Bed Bath & Beyond",19.87,0.01,+0.05%,3468,33.6%,66.4%,07/13/18
SEAS,"Seaworld Entertainment Inc Co",21.82,0.38,+1.77%,3428,94.3%,5.7%,07/13/18
IP,"International Paper Company",53.15,-0.17,-0.32%,3414,87.0%,13.0%,07/13/18
BPY,"Brookfield Property Partners L",19.11,-0.37,-1.90%,3407,51.0%,49.0%,07/13/18
FIVE,"Five Below Inc",101.36,1.23,+1.23%,3387,65.5%,34.5%,07/13/18
CRSP,"Crispr Therapeutics Ag",65.71,0.66,+1.01%,3384,38.3%,61.7%,07/13/18
RCL,"Royal Caribbean Cruises Ltd",107.87,-1.07,-0.98%,3382,70.9%,29.1%,07/13/18
SHAK,"Shake Shack Inc",64.34,0.87,+1.37%,3372,57.2%,42.8%,07/13/18
SFIX,"Stitch Fix Inc",32.99,1,+3.13%,3367,68.3%,31.7%,07/13/18
NGL,"Ngl Energy Partners LP",12.45,0.2,+1.63%,3358,98.1%,1.9%,07/13/18
LYV,"Live Nation Entertainment",51.54,0.36,+0.70%,3328,75.2%,24.8%,07/13/18
TRIP,"Tripadvisor Inc",59.13,-0.47,-0.79%,3321,72.4%,27.6%,07/13/18
GLW,"Corning Inc",28.8,0.13,+0.45%,3314,50.6%,49.4%,07/13/18
DF,"Dean Foods Company",10.73,0.13,+1.23%,3301,2.1%,97.9%,07/13/18
CXO,"Concho Resources Inc",148.08,2.53,+1.74%,3276,54.5%,45.5%,07/13/18
GLNG,"Golar Lng Ltd",28.02,-0.48,-1.68%,3263,83.8%,16.2%,07/13/18
YY,"YY Inc",98.43,0.86,+0.88%,3250,57.8%,42.2%,07/13/18
WB,"Weibo Corp Ads",90.67,0.02,+0.02%,3248,50.0%,50.0%,07/13/18
CAH,"Cardinal Health",50.8,0.54,+1.07%,3238,43.7%,56.3%,07/13/18
CIEN,"Ciena Corp",26.99,-0.36,-1.32%,3221,53.6%,46.4%,07/13/18
MNK,"Mallinckrodt Plc Ordinary Share",21.65,0.14,+0.65%,3201,87.9%,12.1%,07/13/18
AZO,Autozone,686.97,-0.01,unch,3181,61.5%,38.5%,07/13/18
NUE,"Nucor Corp",64.12,0.25,+0.39%,3167,78.4%,21.6%,07/13/18
KGC,"Kinross Gold Corp",3.77,-0.02,-0.53%,3156,27.3%,72.7%,07/13/18
HRB,"H&R Block",23.93,-0.13,-0.54%,3129,89.5%,10.5%,07/13/18
CAG,"Conagra Brands Inc",36.07,0.01,+0.03%,3125,63.8%,36.2%,07/13/18
EVHC,"Envision Healthcare Holdings",44.71,0,unch,3115,82.0%,18.0%,07/13/18
BHP,"Bhp Billiton Ltd",49.12,-0.53,-1.07%,3104,78.8%,21.2%,07/13/18
PXD,"Pioneer Natural Resources Co",184.55,2.19,+1.20%,3103,47.1%,52.9%,07/13/18
AR,"Antero Resources Corp",21.76,0.07,+0.32%,3096,97.8%,2.2%,07/13/18
PRU,"Prudential Financial Inflation Retail",95.07,-0.23,-0.24%,3057,86.5%,13.5%,07/13/18
KKR,"KKR & Co. LP",26.53,-0.07,-0.26%,3055,41.5%,58.5%,07/13/18
CHKP,"Check Point Software",109.31,-0.58,-0.53%,3034,76.7%,23.3%,07/13/18
FAST,"Fastenal Co",55.24,-0.08,-0.14%,3022,44.4%,55.6%,07/13/18
TUP,"Tupperware Corp",42.13,0.82,+1.98%,3019,11.8%,88.2%,07/13/18
TTS,"Tile Shop Hldgs",8.05,-0.3,-3.59%,3007,38.6%,61.4%,07/13/18
BZUN,"Baozun Inc Ads",60.68,-0.48,-0.78%,2985,79.1%,20.9%,07/13/18
TTWO,"Take-Two Interacti",126.35,0.11,+0.09%,2984,88.6%,11.4%,07/13/18
CLR,"Continental Resources",62.42,0.49,+0.79%,2900,65.2%,34.8%,07/13/18
IRBT,"Irobot Corp",80.35,-0.77,-0.95%,2887,39.0%,61.0%,07/13/18
CTXS,"Citrix Systems Inc",109.77,-0.08,-0.07%,2866,88.4%,11.6%,07/13/18
P,"Pandora Media Inc",8.16,0.06,+0.74%,2855,79.8%,20.2%,07/13/18
AUY,"Yamana Gold",2.91,0.01,+0.34%,2849,81.0%,19.0%,07/13/18
ITW,"Illinois Tool Works Inc",143.75,1.28,+0.90%,2836,12.1%,87.9%,07/13/18
REGN,"Regeneron Pharmaceutical",367.64,1.21,+0.33%,2821,63.9%,36.1%,07/13/18
KHC,"Kraft Heinz Co",63.85,0.21,+0.33%,2820,65.7%,34.3%,07/13/18
TSM,"Taiwan Semiconductor Manufacturing",37.77,0.46,+1.23%,2801,84.9%,15.1%,07/13/18
VKTX,"Viking Thera",10.74,0.38,+3.67%,2791,87.4%,12.6%,07/13/18
ETE,"Energy Transfer Equity LP",17.24,-0.16,-0.92%,2786,71.2%,28.8%,07/13/18
TLRD,"Tailored Brands Inc",22.29,-0.69,-3.00%,2763,90.9%,9.1%,07/13/18
MELI,"Mercadolibre Inc",327.68,9.63,+3.03%,2753,59.2%,40.8%,07/13/18
LITE,"Lumentum Hld",58.85,0.4,+0.68%,2725,77.9%,22.1%,07/13/18
S,"Sprint Corp",5.66,0,unch,2713,81.6%,18.4%,07/13/18
SYY,"Sysco Corp",70.74,0.9,+1.29%,2670,86.5%,13.5%,07/13/18
NE,"Noble Corp",6.45,-0.06,-0.92%,2664,64.3%,35.7%,07/13/18
VFC,"V.F. Corp",84.84,1.14,+1.36%,2648,85.1%,14.9%,07/13/18
CL,"Colgate-Palmolive Company",65.75,0.58,+0.89%,2633,63.0%,37.0%,07/13/18
ALK,"Alaska Air Group",61.43,0.57,+0.94%,2633,54.7%,45.3%,07/13/18
TOL,"Toll Brothers Inc",37.14,-0.01,-0.03%,2581,45.6%,54.4%,07/13/18
SPWR,"Sunpower Corp",7.84,-0.13,-1.63%,2578,69.0%,31.0%,07/13/18
LCI,"Lannett Co Inc",13.6,-0.65,-4.56%,2564,49.8%,50.2%,07/13/18
FITB,"Fifth Third Bncp",29.09,-0.32,-1.09%,2556,63.9%,36.1%,07/13/18
BOX,"Box Inc",26.28,-0.47,-1.76%,2539,75.1%,24.9%,07/13/18
WPM,"Wheaton Precious Metals",22,-0.14,-0.63%,2538,60.7%,39.3%,07/13/18
BYD,"Boyd Gaming Corp",38.17,-0.02,-0.05%,2510,37.8%,62.2%,07/13/18
AVP,"Avon Products",1.45,0,unch,2509,90.2%,9.8%,07/13/18
FLEX,"Flextronics Intl Ltd",14.81,0.12,+0.82%,2502,75.2%,24.8%,07/13/18
MET,"Metlife Inc",44.2,0.01,+0.02%,2501,63.2%,36.8%,07/13/18
DNKN,"Dunkin' Brands Group",71.43,0.83,+1.18%,2493,56.3%,43.7%,07/13/18
PLUG,"Plug Power Inc",2.05,-0.13,-5.96%,2464,54.7%,45.3%,07/13/18
ENDP,"Endo Int'l Plc",11.12,-0.09,-0.80%,2448,63.6%,36.4%,07/13/18
HOG,"Harley-Davidson Inc",42.93,-0.31,-0.72%,2434,57.2%,42.8%,07/13/18
SIRI,"Sirius XM Holdings I",7.1,-0.01,-0.14%,2431,91.9%,8.1%,07/13/18
EMR,"Emerson Electric Company",70.58,0.35,+0.50%,2424,47.8%,52.2%,07/13/18
ADM,"Archer Daniels Midland Company",47.57,-0.33,-0.69%,2418,35.4%,64.6%,07/13/18
LKQ,"LKQ Corp",33.46,0.64,+1.95%,2384,100.0%,0.0%,07/13/18
ILMN,"Illumina Inc",306.99,2.3,+0.75%,2384,62.8%,37.2%,07/13/18
CRK,"Comstock Resources",11.54,-0.48,-3.99%,2365,76.6%,23.4%,07/13/18
AMT,"American Tower Corp",143.23,-0.53,-0.37%,2362,81.8%,18.2%,07/13/18
CBOE,"CBOE Global Markets Inc",102.9,-0.23,-0.22%,2346,86.7%,13.3%,07/13/18
WM,"Waste Management",84.37,0.12,+0.14%,2323,48.7%,51.3%,07/13/18
HCLP,"Hi-Crush Partners LP",11.6,-0.2,-1.69%,2320,84.4%,15.6%,07/13/18
GOOS,"Canada Goose Holdings Inc Subordinate Voting Sh",60.27,-0.04,-0.07%,2304,58.5%,41.5%,07/13/18
DLTR,"Dollar Tree Inc",86.75,1.01,+1.18%,2282,66.1%,33.9%,07/13/18
SYNT,"Syntel Inc",38,-0.28,-0.73%,2281,81.0%,19.0%,07/13/18
ESV,"Ensco Plc",7.6,0,unch,2270,42.4%,57.6%,07/13/18
XON,"Intrexon Corp",15.38,0.09,+0.59%,2262,74.1%,25.9%,07/13/18
SO,"Southern Company",47.96,-0.02,-0.04%,2259,68.6%,31.4%,07/13/18
IMMU,"Immunomedics Inc",25.58,0.65,+2.61%,2254,56.6%,43.4%,07/13/18
WFT,"Weatherford International Ltd",3.52,-0.03,-0.85%,2248,45.8%,54.2%,07/13/18
BC,"Brunswick Corp",67.56,0.52,+0.78%,2233,94.5%,5.5%,07/13/18
AKAM,"Akamai Technologies",77.32,-0.35,-0.45%,2208,89.4%,10.6%,07/13/18
CWH,"Camping World Holdings Inc",26.36,-0.12,-0.45%,2182,83.9%,16.1%,07/13/18
ZS,"Zscaler Inc.",39.74,-0.8,-1.97%,2173,52.7%,47.3%,07/13/18
ZN,"Zion Oil & Gas Inc",3.33,-0.23,-6.46%,2152,59.9%,40.1%,07/13/18
SCHW,"The Charles Schwab Corp",50.62,-0.13,-0.26%,2147,54.6%,45.4%,07/13/18
SU,"Suncor Energy Inc",41.91,0.49,+1.18%,2142,47.1%,52.9%,07/13/18
RIOT,"Riot Blockchain Inc",4.66,0.09,+1.97%,2117,42.3%,57.7%,07/13/18
BTU,"Peabody Energy Corp",43.81,-0.52,-1.17%,2115,79.3%,20.7%,07/13/18
GSK,"Glaxosmithkline Plc",41.74,-0.01,-0.02%,2112,75.7%,24.3%,07/13/18
EFX,"Equifax Inc",126.99,-1.56,-1.21%,2088,39.7%,60.3%,07/13/18
TTD,"Trade Desk Inc",94.14,-0.69,-0.73%,2081,68.0%,32.0%,07/13/18
CRUS,"Cirrus Logic Inc",40.27,-0.44,-1.08%,2067,76.7%,23.3%,07/13/18
FFIV,"F5 Networks Inc",176.03,-1.32,-0.74%,2065,12.3%,87.7%,07/13/18
ZTO,"Zto Express [Cayman] Inc",20.61,-0.46,-2.18%,2065,55.5%,44.5%,07/13/18
RUBI,"The Rubicon Project Inc",3.33,0.27,+8.82%,2055,99.0%,1.0%,07/13/18
SJM,"J.M. Smucker Company",111.06,1.33,+1.21%,2047,21.3%,78.7%,07/13/18
XLNX,"Xilinx Inc",67.99,-0.23,-0.34%,2039,75.8%,24.2%,07/13/18
KBR,"KBR Inc",19.23,0.33,+1.75%,2031,7.1%,92.9%,07/13/18
GRUB,"Grubhub Inc",110.93,-0.32,-0.29%,2024,62.9%,37.1%,07/13/18
PCAR,"Paccar Inc",63.45,1.72,+2.79%,2023,95.8%,4.2%,07/13/18
HIMX,"Himax Technologies",7.82,0.04,+0.51%,2016,94.4%,5.6%,07/13/18
CC,"Chemours Company",44.88,0.12,+0.27%,2014,70.9%,29.1%,07/13/18
GPOR,"Gulfport Energy Corp",12.09,0.04,+0.33%,1996,89.9%,10.1%,07/13/18
SYNA,"Synaptics Inc",50.55,0.02,+0.04%,1995,81.3%,18.7%,07/13/18
LPLA,"Lpl Financial Hld",65.95,-0.31,-0.47%,1990,94.7%,5.3%,07/13/18
VSTM,"Verastem Inc",8.5,0.44,+5.46%,1978,88.6%,11.4%,07/13/18
ZNGA,"Zynga Inc Cl A",4.34,-0.06,-1.36%,1971,56.5%,43.5%,07/13/18
LC,"Lendingclub Corp",4.46,0,unch,1964,25.4%,74.6%,07/13/18
JCI,"Johnson Controls Intl",35.12,0.38,+1.09%,1951,91.5%,8.5%,07/13/18
PAAS,"Pan Amer Silver Corp",16.9,0.06,+0.36%,1946,59.5%,40.5%,07/13/18
NUAN,"Nuance Communicatns",15.27,-0.06,-0.39%,1946,71.0%,29.0%,07/13/18
WATT,"Energous Corp",15.73,0.13,+0.83%,1942,69.9%,30.1%,07/13/18
AOBC,"American Outdoor Brands Corp",10.96,-0.14,-1.26%,1942,79.6%,20.4%,07/13/18
DQ,"Daqo New Energy",37.35,0.02,+0.05%,1936,82.9%,17.1%,07/13/18
JBLU,"Jetblue Airways Cp",19.28,0.13,+0.68%,1934,20.9%,79.1%,07/13/18
CVNA,"Carvana Co. Class A",44.1,-1.46,-3.20%,1933,46.4%,53.6%,07/13/18
UA,"Under Armour Inc Class C Comm",20.23,-0.27,-1.32%,1932,58.9%,41.1%,07/13/18
SGMO,"Sangamo Therapeutics",15.05,-0.25,-1.63%,1931,87.9%,12.1%,07/13/18
CAKE,"Cheesecake Fact",57.56,0.21,+0.37%,1919,86.5%,13.5%,07/13/18
ENB,"Enbridge Inc",35.58,-0.25,-0.70%,1914,87.0%,13.0%,07/13/18
FTNT,"Fortinet Inc",66.56,-0.67,-1.00%,1912,85.7%,14.3%,07/13/18
MDB,"Mongodb Inc Class A",56.94,-0.94,-1.62%,1906,67.7%,32.3%,07/13/18
LYB,"Lyondellbasell Industries Nv",107.38,0.66,+0.62%,1893,20.0%,80.0%,07/13/18
GTN,"Gray Television",15.65,-0.7,-4.28%,1872,76.3%,23.7%,07/13/18
GNC,"GNC Holdings Inc",3.42,-0.08,-2.29%,1867,69.5%,30.5%,07/13/18
RAD,"Rite Aid Corp",1.65,0,unch,1866,90.4%,9.6%,07/13/18
BURL,"Burlington Stores Inc",151.15,3.17,+2.14%,1860,54.7%,45.3%,07/13/18
AEM,"Agnico-Eagle Mines Ltd",45.52,-0.5,-1.09%,1859,87.4%,12.6%,07/13/18
CY,"Cypress Semiconductr",16.54,0.01,+0.06%,1857,65.3%,34.7%,07/13/18
UPL,"Ultra Petroleum Corp",1.77,-0.05,-2.75%,1836,91.9%,8.1%,07/13/18
ACHN,"Achillion Pharmaceut",3.14,0.21,+7.17%,1825,93.5%,6.5%,07/13/18
ANF,"Abercrombie & Fitch Company",25.16,0.63,+2.57%,1823,66.7%,33.3%,07/13/18
PBYI,"Puma Biotechnology",53.7,-2.1,-3.76%,1814,59.5%,40.5%,07/13/18
CLX,"Clorox Company",134.46,1.01,+0.76%,1785,61.9%,38.1%,07/13/18
EPD,"Enterprise Products Partners LP",28.4,0.16,+0.57%,1781,76.9%,23.1%,07/13/18
TSN,"Tyson Foods",66.3,0.34,+0.52%,1779,36.4%,63.6%,07/13/18
SVU,"Supervalu Inc",21.93,0.76,+3.59%,1777,94.6%,5.4%,07/13/18
VUZI,"Vuzix Corp",7.6,-0.65,-7.88%,1773,89.5%,10.5%,07/13/18
ASH,"Ashland Global Holdings Inc",81.18,0.07,+0.09%,1762,87.9%,12.1%,07/13/18
ARNC,"Arconic Inc",17.38,0.08,+0.46%,1758,28.5%,71.5%,07/13/18
PPG,"PPG Industries",103.99,0.15,+0.14%,1746,9.9%,90.1%,07/13/18
FPI,"Farmland Partners Inc",6.24,0,unch,1746,26.7%,73.3%,07/13/18
JEC,"Jacobs Engineering Group Inc",66.32,0.73,+1.11%,1735,9.9%,90.1%,07/13/18
MTCH,"Match Group Inc CS",38.89,-0.68,-1.72%,1723,86.9%,13.1%,07/13/18
RRC,"Range Resources Corp",16.4,0.12,+0.74%,1722,72.6%,27.4%,07/13/18
CORT,"Corcept Therapeutics",14.3,-0.87,-5.74%,1716,59.4%,40.6%,07/13/18
DFS,"Discover Financial Services",69.89,-1.09,-1.54%,1706,39.0%,61.0%,07/13/18
HBAN,"Huntington Bcshs",14.65,-0.1,-0.68%,1704,60.2%,39.8%,07/13/18
LEN,"Lennar Corp",54.06,0.28,+0.52%,1703,68.2%,31.8%,07/13/18
NEO,"Neogenomics Inc",13.89,-0.04,-0.29%,1691,99.8%,0.2%,07/13/18
WSM,Williams-Sonoma,61.22,0.74,+1.22%,1685,61.7%,38.3%,07/13/18
PLNT,"Planet Fitness",48.71,1.21,+2.55%,1685,95.5%,4.5%,07/13/18
APO,"Apollo Global Management Llc C",36.12,0.24,+0.67%,1682,63.1%,36.9%,07/13/18
OZRK,"Bank of The Ozarks",41.24,-0.88,-2.09%,1671,63.3%,36.7%,07/13/18
WEN,"Wendys Company",17.56,0.08,+0.46%,1670,19.8%,80.2%,07/13/18
IVZ,"Invesco Plc",25.62,-0.42,-1.61%,1661,75.2%,24.8%,07/13/18
ICHR,"Ichor Holdings Ltd.",20.61,-0.44,-2.09%,1658,14.9%,85.1%,07/13/18
TRGP,"Targa Resources",52.26,1.07,+2.09%,1653,77.7%,22.3%,07/13/18
GWW,"W.W. Grainger",310.48,1.27,+0.41%,1653,70.2%,29.8%,07/13/18
RIO,"Rio Tinto Plc",54,-0.05,-0.09%,1649,80.4%,19.6%,07/13/18
AAXN,"Axon Inc",67.79,-1.15,-1.67%,1638,72.6%,27.4%,07/13/18
CARA,"Cara Therapeutics",21.72,-0.11,-0.50%,1618,82.0%,18.0%,07/13/18
PLCE,"Children's Place Inc",116.45,2.15,+1.88%,1615,42.2%,57.8%,07/13/18
LLL,"L-3 Communications Holdings",203.34,1.29,+0.64%,1615,5.8%,94.2%,07/13/18
NXST,"Nexstar Broadcasting",82.5,-1.5,-1.79%,1613,96.8%,3.2%,07/13/18
ACN,"Accenture Plc",168.09,0.06,+0.04%,1609,71.6%,28.4%,07/13/18
PHM,Pultegroup,29.65,0.02,+0.07%,1606,65.1%,34.9%,07/13/18
PVG,"Pretium Res Inc",8.53,-0.17,-1.95%,1598,68.4%,31.6%,07/13/18
CONN,"Conn's Inc",37.5,1.4,+3.88%,1590,79.7%,20.3%,07/13/18
EL,"Estee Lauder Companies",140.49,1.65,+1.19%,1588,47.7%,52.3%,07/13/18
MIC,"Macquarie Infrastructure Company Trust",44.71,0.07,+0.16%,1587,92.7%,7.3%,07/13/18
HL,"Hecla Mining Company",3.46,-0.03,-0.86%,1584,87.9%,12.1%,07/13/18
FNKO,"Funko Inc Class A",16.11,0.9,+5.92%,1569,67.7%,32.3%,07/13/18
FOX,"21st Centry Fox Class B",47.19,0.15,+0.32%,1566,90.3%,9.7%,07/13/18
CNC,"Centene Corp",134.53,1.85,+1.39%,1555,87.8%,12.2%,07/13/18
NLY,"Annaly Capital Management Inc",10.43,-0.03,-0.29%,1553,51.6%,48.4%,07/13/18
OMC,"Omnicom Group Inc",77.51,-0.63,-0.81%,1538,31.4%,68.6%,07/13/18
HLF,"Herbalife Ltd",53.93,-0.16,-0.30%,1527,35.0%,65.0%,07/13/18
COTY,"Coty Inc",14.24,0.2,+1.42%,1520,70.4%,29.6%,07/13/18
EVRI,"Everi Holdings Inc",7.75,-0.12,-1.52%,1510,23.8%,76.2%,07/13/18
ACAD,"Acadia Pharmaceutica",17.46,-0.3,-1.69%,1504,72.8%,27.2%,07/13/18
STM,"Stmicroelectronics N.V.",22.64,-0.12,-0.53%,1500,95.7%,4.3%,07/13/18
AET,"Aetna Inc",191.89,0.81,+0.42%,1496,40.0%,60.0%,07/13/18
ZEN,"Zendesk Inc",59.68,0.11,+0.18%,1495,89.0%,11.0%,07/13/18
INTU,"Intuit Inc",213.71,-0.01,unch,1492,58.8%,41.2%,07/13/18
ETP,"Energy Transfer Partners",19.24,-0.08,-0.41%,1488,81.2%,18.8%,07/13/18
AIZ,"Assurant Inc",108.02,0.55,+0.51%,1479,90.1%,9.9%,07/13/18
XXII,"22nd Century Group Inc",2.76,0.12,+4.55%,1475,67.3%,32.7%,07/13/18
KEM,"Kemet Corp",28.2,-0.65,-2.25%,1474,72.7%,27.3%,07/13/18
ERIC,"Ericsson ADR",7.73,-0.01,-0.13%,1474,61.7%,38.3%,07/13/18
OKE,"Oneok Inc",71.4,0.54,+0.76%,1472,74.7%,25.3%,07/13/18
FANG,"Diamondback Energy",131.34,1.06,+0.81%,1471,77.0%,23.0%,07/13/18
EDIT,"Editas Medicine",37.9,0.05,+0.13%,1452,54.1%,45.9%,07/13/18
TIF,"Tiffany & Co",132.25,0.49,+0.37%,1447,62.7%,37.3%,07/13/18
ZOES,"Zoe's Kitchen Inc",10.31,0.04,+0.39%,1446,98.1%,1.9%,07/13/18
TTM,"Tata Motors Ltd",19.21,-0.29,-1.49%,1436,80.3%,19.7%,07/13/18
AAN,"Aaron's Inc",44.89,0.24,+0.54%,1434,96.7%,3.3%,07/13/18
WETF,"Wisdomtree Invstmnts",9.12,-0.07,-0.76%,1420,9.4%,90.6%,07/13/18
YRCW,"YRC Worldwide",10.61,0.08,+0.76%,1419,99.6%,0.4%,07/13/18
GPC,"Genuine Parts Company",93.25,0.83,+0.90%,1416,88.9%,11.1%,07/13/18
EXAS,"Exact Sciences Cor",63.76,-0.42,-0.65%,1396,60.0%,40.0%,07/13/18
CRON,"Cronos Group Inc",7.06,0.01,+0.14%,1392,70.5%,29.5%,07/13/18
EXEL,"Exelixis Inc",21.86,-0.06,-0.27%,1389,72.2%,27.8%,07/13/18
SHLD,"Sears Hldgs Corp",2.26,-0.07,-3.00%,1384,33.5%,66.5%,07/13/18
GDDY,"Godaddy Inc",76.78,-0.13,-0.17%,1384,74.4%,25.6%,07/13/18
CG,"The Carlyle Group",23.8,0.05,+0.21%,1378,79.5%,20.5%,07/13/18
AXON,"Axovant Sciences Ltd",2.67,0.17,+6.80%,1369,69.6%,30.4%,07/13/18
XLRN,"Acceleron Pharma",45.86,-1.25,-2.65%,1366,93.9%,6.1%,07/13/18
CCI,"Crown Castle International Corp",111.06,0.31,+0.28%,1356,93.0%,7.0%,07/13/18
GWPH,"Gw Pharma ADR",151.77,1.94,+1.29%,1335,66.0%,34.0%,07/13/18
MNKD,"Mannkind Corp",1.7,-0.08,-4.49%,1327,78.9%,21.1%,07/13/18
CTB,"Cooper Tire & Rubber Company",26,-0.5,-1.89%,1319,80.1%,19.9%,07/13/18
DRI,"Darden Restaurants",112.09,0.7,+0.63%,1317,24.1%,75.9%,07/13/18
BITA,"Bitauto Holdings Ltd",23.61,0.45,+1.94%,1313,67.3%,32.7%,07/13/18
PLD,"Prologis Inc",65.53,-0.14,-0.21%,1309,39.4%,60.6%,07/13/18
CARS,"Cars.Com Inc",32.21,-0.26,-0.80%,1303,32.0%,68.0%,07/13/18
FRC,"First Republic Bank",97.74,-0.62,-0.63%,1298,70.8%,29.2%,07/13/18
ANW,"Aegean Marine Petroleum Network",1.69,0.09,+5.63%,1288,82.8%,17.2%,07/13/18
ERI,"Eldorado Resorts",46.25,0.65,+1.43%,1284,83.8%,16.2%,07/13/18
GBT,"Global Blood Ther",40.65,-0.5,-1.22%,1281,77.8%,22.2%,07/13/18
AUPH,"Aurinia Pharm Ord",5.95,0.18,+3.12%,1281,53.4%,46.6%,07/13/18
NTRS,"Northern Trust Corp",104.04,-0.09,-0.09%,1279,91.6%,8.4%,07/13/18
DATA,"Tableau Software Inc Class A",108.77,-0.12,-0.11%,1276,55.3%,44.7%,07/13/18
URBN,"Urban Outfitters Inc",44.56,0.27,+0.61%,1273,51.1%,48.9%,07/13/18
XOG,"Extraction Oil & Gas Inc",14.56,-0.35,-2.35%,1269,99.9%,0.1%,07/13/18
NOV,National-Oilwell,44.24,0,unch,1268,59.7%,40.3%,07/13/18
NGHC,"National General Hld",27.44,0.34,+1.25%,1268,100.0%,0.0%,07/13/18
INCY,"Incyte Corp",70.19,-0.95,-1.34%,1266,10.4%,89.6%,07/13/18
EW,"Edwards Lifesciences Corp",148.13,0.96,+0.65%,1260,32.9%,67.1%,07/13/18
ATHN,"Athenahealth Inc",161.44,1.41,+0.88%,1260,73.5%,26.5%,07/13/18
MCK,"Mckesson Corp",136.59,0.61,+0.45%,1259,57.0%,43.0%,07/13/18
BPL,"Buckeye Partners LP",36.28,0.69,+1.94%,1254,73.7%,26.3%,07/13/18
FNSR,"Finisar Corp",18.22,-0.18,-0.98%,1244,56.8%,43.2%,07/13/18
GOLD,"Randgold Res Ltd",72.08,-1.05,-1.44%,1243,50.0%,50.0%,07/13/18
SEDG,"Solaredge Tech",54.4,1.5,+2.84%,1241,79.1%,20.9%,07/13/18
PAH,"Platform Specialty Products Corp",12.14,-0.31,-2.49%,1237,91.8%,8.2%,07/13/18
PSX,"Phillips 66",111.81,0.67,+0.60%,1233,35.4%,64.6%,07/13/18
PF,"Pinnacle Foods Inc",65.52,-0.01,-0.02%,1231,97.6%,2.4%,07/13/18
TPR,"Tapestry Inc",46.53,0.9,+1.97%,1228,60.2%,39.8%,07/13/18
ATEN,"A10 Networks Inc",7.27,-0.07,-0.95%,1224,21.5%,78.5%,07/13/18
DKS,"Dick's Sporting Goods Inc",34.54,0.01,+0.03%,1218,69.3%,30.7%,07/13/18
THO,"Thor Industries",99.97,0.29,+0.29%,1211,59.2%,40.8%,07/13/18
DVMT,"Dell Technologies Inc Cl V",94.9,-0.22,-0.23%,1211,26.3%,73.7%,07/13/18
INGR,"Ingredion Inc",99.46,-11.31,-10.21%,1208,38.5%,61.5%,07/13/18
SIG,"Signet Jewelers Ltd",58.14,-1.8,-3.00%,1204,41.7%,58.3%,07/13/18
NYCB,"New York Community Bancorp",11.42,-0.01,-0.09%,1202,65.0%,35.0%,07/13/18
SFLY,"Shutterfly Inc",91.37,0.87,+0.96%,1199,55.6%,44.4%,07/13/18
WHR,"Whirlpool Corp",155.77,0.48,+0.31%,1194,60.8%,39.2%,07/13/18
TDC,"Teradata Corp",43.01,-0.18,-0.42%,1193,94.9%,5.1%,07/13/18
STMP,"Stamps.Com Inc",271.1,-5.1,-1.85%,1185,22.8%,77.2%,07/13/18
SPPI,"Spectrum Pharma Inc",22.89,0.08,+0.35%,1173,95.4%,4.6%,07/13/18
NSC,"Norfolk Southern Corp",159.46,1.95,+1.24%,1171,64.4%,35.6%,07/13/18
WRK,"Westrock Company",57.44,-0.45,-0.78%,1171,92.2%,7.8%,07/13/18
KMX,"Carmax Inc",76.92,0.35,+0.46%,1164,55.6%,44.4%,07/13/18
FTK,"Flotek Industries",3.01,-0.03,-0.99%,1158,52.4%,47.6%,07/13/18
HFC,"Hollyfrontier Corp",68.68,0.76,+1.12%,1144,60.1%,39.9%,07/13/18
CYTK,Cytokinetics,9.3,0.1,+1.09%,1140,1.8%,98.2%,07/13/18
CS,"Credit Suisse Group",14.81,0,unch,1133,26.6%,73.4%,07/13/18
IEP,"Icahn Enterprises",76.44,1.71,+2.29%,1130,15.0%,85.0%,07/13/18
MAR,"Marriot Int Class A",131.01,0.24,+0.18%,1124,70.9%,29.1%,07/13/18
DO,"Diamond Offshore Drilling",20.5,0.53,+2.65%,1117,89.2%,10.8%,07/13/18
EXTR,"Extreme Networks",8.5,-0.16,-1.85%,1115,96.4%,3.6%,07/13/18
MOH,"Molina Healthcare Inc",106.94,0.11,+0.10%,1110,97.9%,2.1%,07/13/18
D,"Dominion Resources",69.99,-0.07,-0.10%,1101,65.7%,34.3%,07/13/18
USFD,"US Foods Holding",39.91,0.73,+1.86%,1098,99.1%,0.9%,07/13/18
CLVS,"Clovis Oncology Inc",48.53,0.72,+1.51%,1097,86.1%,13.9%,07/13/18
ADS,"Alliance Data Systems Corp",243.5,-0.66,-0.27%,1097,40.4%,59.6%,07/13/18
Z,"Zillow Group Cl C",62.81,-0.25,-0.40%,1092,55.8%,44.2%,07/13/18
BLUE,"Bluebird Bio",180.6,0.3,+0.17%,1090,71.4%,28.6%,07/13/18
FOLD,"Amicus Therapeutics",15.75,-0.79,-4.78%,1088,99.0%,1.0%,07/13/18
WIN,"Windstream Hldgs Inc",4.52,-0.02,-0.44%,1086,84.5%,15.5%,07/13/18
AGNC,"American Capital Age",19.06,0.03,+0.16%,1083,84.2%,15.8%,07/13/18
PGNX,"Progenics Pharmaceut",8.32,-0.05,-0.60%,1080,66.1%,33.9%,07/13/18
AMC,"Amc Entertainment Holdings Inc",17.05,0.05,+0.29%,1080,51.9%,48.1%,07/13/18
BIG,"Big Lots",41.85,0.67,+1.63%,1076,50.5%,49.5%,07/13/18
AON,"AON Plc",144.2,0.32,+0.22%,1075,90.5%,9.5%,07/13/18
RDHL,"Redhill Biophrma ADR",10.68,0.42,+4.09%,1075,60.7%,39.3%,07/13/18
WTTR,"Select Energy Services Inc",15.44,0.32,+2.12%,1072,52.8%,47.2%,07/13/18
TDOC,"Teladoc Inc",66.1,0.65,+0.99%,1071,76.8%,23.2%,07/13/18
HUM,"Humana Inc",317.12,1.41,+0.45%,1070,60.8%,39.2%,07/13/18
CBS,"CBS Corp",59.01,-0.11,-0.19%,1068,80.0%,20.0%,07/13/18
CHRW,"C.H. Robinson Ww",86.74,0.91,+1.06%,1063,76.2%,23.8%,07/13/18
BMRN,"Biomarin Pharmaceut",103.61,0.3,+0.29%,1059,77.4%,22.6%,07/13/18
FTR,"Frontier Commun Cp",5.06,-0.06,-1.17%,1053,68.6%,31.4%,07/13/18
FOSL,"Fossil Group",25.51,-0.11,-0.43%,1032,35.9%,64.1%,07/13/18
ETSY,"Etsy Inc",43,-0.24,-0.56%,1032,76.1%,23.9%,07/13/18
BBOX,"Black Box Cp",2.28,-0.03,-1.30%,1030,78.7%,21.3%,07/13/18
DDS,Dillard's,85.57,-0.04,-0.05%,1029,70.4%,29.6%,07/13/18
BOFI,"Bofi Holding Inc",40.45,-1.73,-4.10%,1025,46.7%,53.3%,07/13/18
FIZZ,"Natl Beverage Cp",105.28,-1.59,-1.49%,1024,58.9%,41.1%,07/13/18
VRNT,"Verint Systems Inc",48.5,-0.25,-0.51%,1023,88.4%,11.6%,07/13/18
ISBC,"Investors Bancorp",12.59,-0.09,-0.71%,1016,1.6%,98.4%,07/13/18
VNET,"21Vianet Group Inc",9.86,0.06,+0.61%,1014,13.2%,86.8%,07/13/18
BWP,"Boardwalk Pipeline Partners LP",12.06,0.01,+0.08%,1010,99.5%,0.5%,07/13/18
HSBC,"HSBC Holdings Plc",47.44,-0.11,-0.23%,1009,73.6%,26.4%,07/13/18
SN,"Sanchez Energy Corp",5.04,0.06,+1.20%,1003,39.0%,61.0%,07/13/18
GRMN,"Garmin Ltd",63.23,0.16,+0.25%,999,33.6%,66.4%,07/13/18
CTRP,"Ctrip.Com Intl Ltd",45,-0.42,-0.92%,998,64.5%,35.5%,07/13/18
CDE,"Coeur Mining Inc",8.23,-0.04,-0.48%,989,47.4%,52.6%,07/13/18
UBS,"UBS Group Ag",15,0,unch,986,69.7%,30.3%,07/13/18
ATI,"Allegheny Technologies Inc",26.76,0.28,+1.06%,986,47.9%,52.1%,07/13/18
ODP,"Office Depot",2.62,0,unch,985,92.4%,7.6%,07/13/18
ICPT,"Intercept Pharmaceut",97.1,0.37,+0.38%,980,77.0%,23.0%,07/13/18
PCRX,"Pacira Pharm Inc",36.4,-0.1,-0.27%,978,81.9%,18.1%,07/13/18
JAZZ,"Jazz Pharma Plc",175.98,-3.48,-1.94%,977,17.7%,82.3%,07/13/18
RL,"Ralph Lauren Corp",127.55,0.12,+0.09%,972,49.3%,50.7%,07/13/18
ZAYO,"Zayo Group Holdings Inc",38.44,-0.87,-2.21%,972,49.0%,51.0%,07/13/18
CHD,"Church & Dwight Company",55.89,0.96,+1.75%,970,63.1%,36.9%,07/13/18
NGD,"New Gold Inc",2.01,-0.05,-2.43%,962,65.3%,34.7%,07/13/18
MLNX,"Mellanox Technologies",82.9,-0.2,-0.24%,962,85.3%,14.7%,07/13/18
ABMD,"Abiomed Inc",418.76,4.15,+1.00%,951,69.2%,30.8%,07/13/18
VIAV,"Viavi Solutions",10.46,-0.11,-1.04%,951,78.3%,21.7%,07/13/18
K,"Kellogg Company",71.17,0.49,+0.69%,949,29.6%,70.4%,07/13/18
HTHT,"Huazhu Group Ltd",41.58,-0.49,-1.16%,942,76.8%,23.2%,07/13/18
SPG,"Simon Property Group",171.69,0.04,+0.02%,936,12.7%,87.3%,07/13/18
OLLI,"Ollies Bargain CS",74.8,0.35,+0.47%,936,91.5%,8.5%,07/13/18
HAS,"Hasbro Inc",96.52,-0.88,-0.90%,931,65.7%,34.3%,07/13/18
YUM,"Yum! Brands",79.14,0.02,+0.03%,924,50.8%,49.2%,07/13/18
SAVE,"Spirit Airlines Inc",41.02,1.19,+2.99%,924,75.0%,25.0%,07/13/18
HK,"Halcon Resources",3.96,-0.09,-2.22%,924,65.8%,34.2%,07/13/18
CHTR,"Charter Communicatio",304.84,-0.18,-0.06%,924,71.0%,29.0%,07/13/18
ADI,"Analog Devices",98.12,-0.28,-0.28%,922,35.1%,64.9%,07/13/18
NEE,"Nextera Energy",169.52,1.03,+0.61%,920,64.9%,35.1%,07/13/18
IBKR,"Interactive Brokers",61.5,0.23,+0.38%,914,64.9%,35.1%,07/13/18
ALB,"Albemarle Corp",95.57,0.22,+0.23%,914,73.7%,26.3%,07/13/18
ZUMZ,"Zumiez Inc",20.67,-0.58,-2.71%,912,75.5%,24.5%,07/13/18
KBH,"KB Home",26.99,0.01,+0.04%,907,52.0%,48.0%,07/13/18
AJRD,"Aerojet Rocketdyne Holdings",30.23,0.44,+1.48%,907,9.5%,90.5%,07/13/18
XPO,"Xpo Logistics Inc",101.75,0.1,+0.10%,903,59.9%,40.1%,07/13/18
AXTI,"Axt Inc",8.1,-0.3,-3.57%,902,72.2%,27.8%,07/13/18
GPRE,"Green Plains Inc",16.15,-0.5,-3.00%,896,81.5%,18.5%,07/13/18
WING,"Wingstop Inc",52.21,-0.48,-0.91%,888,67.2%,32.8%,07/13/18
BPT,"BP Prudhoe Bay Royalty Trust",30.7,-0.35,-1.13%,887,31.3%,68.7%,07/13/18
ADP,"Automatic Data Procs",137.34,-0.16,-0.12%,882,68.8%,31.2%,07/13/18
DK,"Delek US Holdings",47.6,0.24,+0.51%,881,29.2%,70.8%,07/13/18
SLCA,"U.S. Silica Holdings Inc",25.84,-0.13,-0.50%,879,49.8%,50.2%,07/13/18
HSIC,"Henry Schein Inc",74.86,0.08,+0.11%,873,41.5%,58.5%,07/13/18
DUK,"Duke Energy Corp",80.62,0.12,+0.15%,873,69.2%,30.8%,07/13/18
CREE,"Cree Inc",45.59,-0.4,-0.87%,867,69.6%,30.4%,07/13/18
TER,"Teradyne Inc",39.58,-0.17,-0.43%,860,41.3%,58.7%,07/13/18
KSU,"Kansas City Southern",106.61,1,+0.95%,856,62.5%,37.5%,07/13/18
AERI,"Aerie Pharmaceutical",73.1,1.6,+2.24%,852,44.2%,55.8%,07/13/18
AFL,"Aflac Incorporated",42.6,0.12,+0.28%,850,41.6%,58.4%,07/13/18
ACTG,"Acacia Res-Acacia",3.85,-0.05,-1.28%,849,100.0%,0.0%,07/13/18
CAR,"Avis Budget Group I",31.9,0.15,+0.47%,846,59.7%,40.3%,07/13/18
SA,"Seabridge Gold",11.35,-0.1,-0.87%,845,51.0%,49.0%,07/13/18
KLIC,"Kulicke and Soffa",28.48,0.77,+2.78%,841,90.2%,9.8%,07/13/18
LYG,"Lloyds Banking Group Plc",3.33,0.01,+0.30%,840,100.0%,0.0%,07/13/18
TREE,"Lendingtree Inc",232,-14.5,-5.88%,839,56.7%,43.3%,07/13/18
CVE,"Cenovus Energy Inc",10.57,-0.08,-0.75%,833,33.9%,66.1%,07/13/18
ED,"Consolidated Edison Company of New York",79.46,0.24,+0.30%,831,53.2%,46.8%,07/13/18
CLDR,"Cloudera Inc",14.77,-0.26,-1.73%,829,80.6%,19.4%,07/13/18
SHOO,"Steven Maddens Ltd",52.15,-0.15,-0.29%,825,0.8%,99.2%,07/13/18
RMTI,"Rockwell Medical In",4.27,-0.01,-0.23%,823,100.0%,0.0%,07/13/18
MDR,"McDermott International",18.11,-0.11,-0.60%,823,26.5%,73.5%,07/13/18
DPZ,"Domino's Pizza Inc",281.4,2.37,+0.85%,822,43.2%,56.8%,07/13/18
EMES,"Emerge Energy Services LP",7.17,-0.07,-0.97%,822,78.0%,22.0%,07/13/18
SAIA,"Saia Inc",76.55,-0.65,-0.84%,819,76.9%,23.1%,07/13/18
SSNC,"SS&C Technologies",54.39,-0.22,-0.40%,816,100.0%,0.0%,07/13/18
ST,"Sensata Technologies Holding N.V.",50.85,0.45,+0.89%,816,17.5%,82.5%,07/13/18
CDW,"CDW Corp",85.28,0.18,+0.21%,815,98.3%,1.7%,07/13/18
ANTM,"Anthem Inc",250.51,-0.07,-0.03%,815,43.6%,56.4%,07/13/18
MAN,"Manpower Inc",85.95,0.75,+0.88%,814,86.7%,13.3%,07/13/18
MLM,"Martin Marietta Materials",226.82,1.13,+0.50%,813,5.0%,95.0%,07/13/18
ARWR,"Arrowhead Pharma",16.41,0,unch,810,68.6%,31.4%,07/13/18
ARRY,"Array Biopharma Inc",17.07,-0.05,-0.29%,809,87.4%,12.6%,07/13/18
VNOM,"Viper Energy LP",31.72,-0.47,-1.46%,809,79.9%,20.1%,07/13/18
ACXM,"Acxiom Cp",42.4,1.11,+2.69%,806,92.9%,7.1%,07/13/18
MMP,"Magellan Midstream Partners LP",68.19,-0.01,-0.01%,805,84.5%,15.5%,07/13/18
COHR,"Coherent Inc",163.24,-2.41,-1.45%,804,71.0%,29.0%,07/13/18
STLD,"Steel Dynamics Inc",47.27,0.47,+1.00%,802,86.9%,13.1%,07/13/18
ZIOP,"Ziopharm Oncology In",3.11,-0.02,-0.64%,801,73.7%,26.3%,07/13/18
HBI,"Hanesbrands Inc",21.68,0.02,+0.09%,801,67.2%,32.8%,07/13/18
CDMO,"Avid Bioservices Inc.",4.64,-0.11,-2.32%,800,97.9%,2.1%,07/13/18
ETN,"Eaton Corp",77.76,0.89,+1.16%,799,52.7%,47.3%,07/13/18
BG,"Bunge Ltd",68.47,-0.38,-0.55%,795,21.4%,78.6%,07/13/18
RUN,"Sunrun Inc",15.75,-0.21,-1.32%,790,79.1%,20.9%,07/13/18
IMGN,"Immunogen Inc",10.12,-0.22,-2.13%,788,95.4%,4.6%,07/13/18
HIIQ,"Health Insurance Inn",32.7,-0.5,-1.51%,778,97.8%,2.2%,07/13/18
PH,"Parker-Hannifin Corp",161.51,2.91,+1.83%,773,22.1%,77.9%,07/13/18
TAP,"Molson Coors Brewing Company",68.1,0.39,+0.58%,769,52.7%,47.3%,07/13/18
XRX,"Xerox Corp",25.27,0.11,+0.44%,767,46.0%,54.0%,07/13/18
NVO,"Novo Nordisk A/S",49.88,-0.02,-0.04%,766,46.5%,53.5%,07/13/18
NGVC,"Natural Grocers By Vitamin Cottage Inc",15.9,0.27,+1.73%,766,76.5%,23.5%,07/13/18
ICE,"Intercontinental Exchange",74.7,-0.06,-0.08%,766,57.2%,42.8%,07/13/18
BAX,"Baxter International Inc",74.78,0,unch,762,67.2%,32.8%,07/13/18
TSCO,"Tractor Supply Co",78.24,0.96,+1.24%,761,61.8%,38.2%,07/13/18
MAS,"Masco Corp",38.01,0.31,+0.82%,761,82.8%,17.2%,07/13/18
HRL,"Hormel Foods Corp",37.58,0.02,+0.05%,755,78.8%,21.2%,07/13/18
ELLI,"Ellie Mae Inc",102.84,-3.99,-3.73%,755,9.5%,90.5%,07/13/18
CSOD,"Cornerstone Ondemand",52.08,-0.37,-0.71%,755,53.8%,46.2%,07/13/18
SMPL,"The Simply Good Foods Company",17.22,-0.1,-0.58%,754,75.2%,24.8%,07/13/18
ALL,"Allstate Corp",92.83,-0.07,-0.08%,753,55.4%,44.6%,07/13/18
VTR,"Ventas Inc",58.21,-0.19,-0.33%,752,39.8%,60.2%,07/13/18
FCAU,"Fiat Chrysler Automobiles N.V.",19.43,0.01,+0.05%,751,66.0%,34.0%,07/13/18
MT,Arcelormittal,29.59,-0.11,-0.37%,749,82.4%,17.6%,07/13/18
ALNY,"Alnylam Pharmaceut",107.47,-0.58,-0.54%,748,69.0%,31.0%,07/13/18
HIG,"Hartford Financial Services Group",52.53,0,unch,746,93.8%,6.2%,07/13/18
IBN,"Icici Bank Ltd",7.9,-0.18,-2.23%,744,90.6%,9.4%,07/13/18
ROST,"Ross Stores Inc",85.16,0.34,+0.40%,743,30.1%,69.9%,07/13/18
RACE,"Ferrari N.V.",142.51,2.85,+2.04%,743,80.9%,19.1%,07/13/18
CNX,"CNX Resources Corp",17.16,0.08,+0.47%,740,72.2%,27.8%,07/13/18
BLL,"Ball Corp",37.62,-0.25,-0.66%,740,23.8%,76.2%,07/13/18
UBNT,"Ubiquiti Networks I",87.97,-0.66,-0.74%,739,59.0%,41.0%,07/13/18
EGY,"Vaalco Energy Inc",3.27,0.08,+2.51%,739,93.6%,6.4%,07/13/18
NCLH,"Norwegian Cruise Ord",47.08,-0.88,-1.83%,737,57.1%,42.9%,07/13/18
TSRO,"Tesaro Inc",44.9,0.06,+0.13%,735,86.1%,13.9%,07/13/18
PAYX,"Paychex Inc",70.54,0.17,+0.24%,733,79.9%,20.1%,07/13/18
ABUS,"Arbutus Biopharma Cp",11.7,0.2,+1.74%,731,90.7%,9.3%,07/13/18
HOLX,"Hologic Inc",42.01,0.06,+0.14%,728,36.4%,63.6%,07/13/18
CROX,"Crocs Inc",17.12,0.23,+1.36%,723,78.6%,21.4%,07/13/18
DISCA,"Discovery Comm A",27.44,-0.12,-0.44%,723,84.2%,15.8%,07/13/18
KODK,"Eastman Kodak",3.95,0,unch,723,13.6%,86.4%,07/13/18
SINA,"Sina Corp",84.07,-0.43,-0.51%,721,69.8%,30.2%,07/13/18
TRV,"The Travelers Companies Inc",126.63,0.61,+0.48%,719,56.1%,43.9%,07/13/18
CAMT,"Camtek Ltd",7.47,-0.06,-0.80%,719,1.7%,98.3%,07/13/18
TNDM,"Tandem Diabetes Care",25.89,0.44,+1.73%,719,74.0%,26.0%,07/13/18
CSIQ,"Canadian Solar Inc",13.1,0.04,+0.31%,718,56.5%,43.5%,07/13/18
ACRX,"Acelrx Pharmaceutica",3.2,0.25,+8.47%,718,70.9%,29.1%,07/13/18
IRM,"Iron Mountain Inc",36.64,-0.1,-0.27%,715,54.3%,45.7%,07/13/18
PAYC,"Paycom Software Inc",110.19,-0.32,-0.29%,713,50.5%,49.5%,07/13/18
BSX,"Boston Scientific Corp",33.35,0.01,+0.03%,712,72.1%,27.9%,07/13/18
KTOS,"Kratos Defns",12.7,0.16,+1.28%,710,94.8%,5.2%,07/13/18
FRO,"Frontline Ltd",5.26,-0.09,-1.68%,710,28.3%,71.7%,07/13/18
PETS,"Petmed Express Inc",38.99,1.14,+3.01%,709,83.1%,16.9%,07/13/18
NVS,"Novartis Ag",78.78,-0.16,-0.20%,708,75.7%,24.3%,07/13/18
ATHX,"Athersys Inc",2.06,0.05,+2.49%,708,96.2%,3.8%,07/13/18
FMC,"FMC Corp",88.34,-0.65,-0.73%,703,58.3%,41.7%,07/13/18
SYNH,"Syneos Health Inc.",49.4,-0.2,-0.40%,696,98.6%,1.4%,07/13/18
BHF,"Brighthouse Financial Inc",40.53,-0.67,-1.63%,694,76.7%,23.3%,07/13/18
DSKE,"Daseke Inc",9.48,0.06,+0.64%,693,98.6%,1.4%,07/13/18
AN,"Autonation Inc",48.85,1.14,+2.39%,687,16.6%,83.4%,07/13/18
MBI,"MBIA Inc",9.39,0.02,+0.21%,685,68.3%,31.7%,07/13/18
MEOH,"Methanex Cp",72.4,1.2,+1.69%,683,54.9%,45.1%,07/13/18
XNET,"Xunlei Limited ADR",12.09,0.06,+0.50%,680,74.9%,25.1%,07/13/18
AMPE,"Ampio Pharmaceutical",2.31,0.02,+0.87%,679,64.8%,35.2%,07/13/18
MYGN,"Myriad Genetics Inc",42.69,-0.27,-0.63%,671,20.3%,79.7%,07/13/18
TSG,"The Stars Group Inc",36.2,0.15,+0.42%,671,92.1%,7.9%,07/13/18
LGCY,"Legacy Reserves LP",6.17,0.13,+2.15%,669,97.5%,2.5%,07/13/18
SE,"Sea Limited ADR",15.91,-0.17,-1.06%,667,98.5%,1.5%,07/13/18
IRDM,"Iridium Comm Inc",18.35,0.1,+0.55%,667,85.0%,15.0%,07/13/18
CNI,"Canadian National Railway Company",85.81,0.1,+0.12%,663,56.4%,43.6%,07/13/18
ALDR,"Alder Biopharma",19.25,0.7,+3.77%,663,80.1%,19.9%,07/13/18
NTR,"Nutrien Ltd",53.07,0.02,+0.04%,660,54.7%,45.3%,07/13/18
A,"Agilent Technologies",63.38,-0.07,-0.11%,659,61.2%,38.8%,07/13/18
COUP,"Coupa Software Inc",65.61,-0.07,-0.11%,656,85.2%,14.8%,07/13/18
BGS,"B&G Foods Holdings",30.05,-0.35,-1.15%,655,60.5%,39.5%,07/13/18
FLS,"Flowserve Corp",42.07,0.67,+1.62%,653,90.8%,9.2%,07/13/18
SBGL,"Sibanye Gold Limited American D",2.27,-0.07,-2.99%,651,49.9%,50.1%,07/13/18
PSTG,"Pure Storage Inc",24.17,-0.2,-0.82%,651,77.7%,22.3%,07/13/18
ACIA,"Acacia Communica",35.47,0.09,+0.25%,651,74.5%,25.5%,07/13/18
BSTI,"Best Inc ADR",10.49,-0.21,-1.96%,649,66.4%,33.6%,07/13/18
STT,"State Street Corp",92.44,-0.42,-0.45%,647,28.0%,72.0%,07/13/18
PX,Praxair,166.8,0.91,+0.55%,642,82.2%,17.8%,07/13/18
AKCA,"Akcea Therapeutics Inc",27.8,0.2,+0.72%,642,50.3%,49.7%,07/13/18
MUX,"Mcewen Mining Inc",2.23,0,unch,640,77.0%,23.0%,07/13/18
GALT,"Galectin Therapeutic",6.55,-0.07,-1.06%,640,73.4%,26.6%,07/13/18
XEC,"Cimarex Energy Co",99.97,0.65,+0.65%,639,21.4%,78.6%,07/13/18
ASML,"Asml Hldg NY Reg",199.19,-0.14,-0.07%,637,46.8%,53.2%,07/13/18
TXMD,"Therapeuticsmd Inc",6.68,-0.05,-0.74%,635,62.4%,37.6%,07/13/18
ANFI,"Amira Nature Foods Ltd",2.07,0.03,+1.47%,635,4.4%,95.6%,07/13/18
ATNM,"Actinium Pharmaceuticals Inc",0.78,0.05,+6.85%,633,100.0%,0.0%,07/13/18
TJX,"TJX Companies",95.33,1.08,+1.15%,629,49.9%,50.1%,07/13/18
EQIX,"Equinix Inc",443.43,-2.24,-0.50%,629,9.2%,90.8%,07/13/18
SAN,"Banco Santander",5.42,-0.05,-0.91%,628,93.3%,6.7%,07/13/18
MUR,"Murphy Oil Corp",33,0.04,+0.12%,628,82.8%,17.2%,07/13/18
FANH,"Fanhua Inc",30.96,0.31,+1.01%,628,91.9%,8.1%,07/13/18
CIM,"Chimera Investment Corp",18.79,-0.04,-0.21%,627,89.3%,10.7%,07/13/18
ADT,"ADT Inc.",8.96,0.04,+0.45%,624,72.1%,27.9%,07/13/18
SGYP,"Synergy Pharma",1.9,-0.05,-2.56%,619,63.5%,36.5%,07/13/18
EXK,"Endeavour Silver Corp",2.94,-0.03,-1.01%,615,99.3%,0.7%,07/13/18
MNTA,"Momenta Pharma",28,1.65,+6.26%,612,9.0%,91.0%,07/13/18
TELL,"Tellurian Inc New",8,-0.14,-1.72%,612,36.4%,63.6%,07/13/18
RSG,"Republic Services",70.14,-0.05,-0.07%,611,60.4%,39.6%,07/13/18
FISV,"Fiserv Inc",77.45,-0.1,-0.13%,611,90.2%,9.8%,07/13/18
HCA,"Hca Holdings Inc",106.55,1.18,+1.12%,610,63.3%,36.7%,07/13/18
RBS,"Royal Bank Scotland Group Plc",6.6,0,unch,609,65.2%,34.8%,07/13/18
CERS,"Cerus Corp",7.27,-0.15,-2.02%,608,86.7%,13.3%,07/13/18
CPRT,"Copart Inc",59.31,0.43,+0.73%,606,58.3%,41.7%,07/13/18
WRD,"Wildhorse Resour",22.4,-0.38,-1.67%,606,42.9%,57.1%,07/13/18
INSY,"Insys Theraptcs",7.66,0.05,+0.66%,605,65.3%,34.7%,07/13/18
IAC,Iac/Interactive,154.56,-0.87,-0.56%,602,9.1%,90.9%,07/13/18
COG,"Cabot Oil & Gas Corp",23.45,0.18,+0.77%,601,68.6%,31.4%,07/13/18
CMRE,"Costamare Inc",8,-0.11,-1.36%,596,82.0%,18.0%,07/13/18
GOV,"Government Properties Income Trust",16.02,-0.41,-2.50%,591,55.0%,45.0%,07/13/18
CAI,"Cai International",23.16,0.49,+2.16%,590,98.0%,2.0%,07/13/18
AYX,"Alteryx Inc",42.11,1.18,+2.88%,587,89.1%,10.9%,07/13/18
FE,"Firstenergy Corp",35.84,0.19,+0.53%,586,59.0%,41.0%,07/13/18
VST,"Vistra Energy Corp.",23.44,0.25,+1.08%,586,84.8%,15.2%,07/13/18
SALT,"Scorpio Bulkers Inc",7.05,-0.1,-1.40%,585,98.1%,1.9%,07/13/18
CP,"Canadian Pacific Railway",187.49,1.55,+0.83%,580,77.9%,22.1%,07/13/18
ORLY,"O'Reilly Automotive",286,1.09,+0.38%,578,56.9%,43.1%,07/13/18
TK,"Teekay Shipping Corp",7.46,-0.05,-0.67%,571,42.0%,58.0%,07/13/18
MHK,"Mohawk Industries",223.86,0.56,+0.25%,568,19.2%,80.8%,07/13/18
WIX,"Wix.Com Ltd",106.7,-1.95,-1.79%,566,68.9%,31.1%,07/13/18
SLG,"SL Green Realty Corp",102.97,0.16,+0.16%,564,47.3%,52.7%,07/13/18
PGR,"Progressive Corp",58.44,-0.22,-0.38%,563,64.1%,35.9%,07/13/18
VEEV,"Veeva Systems Inc",82.53,0.02,+0.02%,562,47.0%,53.0%,07/13/18
EQT,"Eqt Corp",55.52,0.29,+0.53%,561,78.3%,21.7%,07/13/18
CRI,"Carter's Inc",112.88,1.01,+0.90%,560,87.9%,12.1%,07/13/18
CCJ,"Cameco Corp",10.96,0.08,+0.74%,559,84.1%,15.9%,07/13/18
SGMS,"Scientific Games",50.85,-0.05,-0.10%,557,46.0%,54.0%,07/13/18
BHGE,"Baker Hughes A Ge Co. Cl. A",32.63,-0.14,-0.43%,557,76.7%,23.3%,07/13/18
VRSN,"Verisign Inc",147.58,0.4,+0.27%,556,71.6%,28.4%,07/13/18
AER,"Aercap Holdings N.V.",54.95,0.04,+0.07%,556,95.5%,4.5%,07/13/18
FGEN,"Fibrogen Inc CS",63.9,-1.45,-2.22%,555,52.4%,47.6%,07/13/18
FCN,"Fti Consulting",68.87,0.86,+1.26%,551,98.2%,1.8%,07/13/18
PDS,"Precision Drilling Corp",3.65,-0.05,-1.35%,550,80.9%,19.1%,07/13/18
VIRT,"Virtu Financial Cm A",25.8,-0.3,-1.15%,549,27.5%,72.5%,07/13/18
KL,"Kirkland Lake Gold Ltd",22.5,-0.15,-0.66%,549,93.8%,6.2%,07/13/18
PIR,"Pier 1 Imports",2.23,0.02,+0.90%,545,90.8%,9.2%,07/13/18
SWIR,"Sierra Wireless In",16.6,0.05,+0.30%,544,92.3%,7.7%,07/13/18
O,"Realty Income Corp",55.15,-0.27,-0.49%,543,61.9%,38.1%,07/13/18
TAL,"Tal Education Group",38.6,-0.46,-1.18%,542,34.3%,65.7%,07/13/18
SMSI,"Smith Micro Software",2.46,-0.03,-1.20%,541,100.0%,0.0%,07/13/18
SCI,"Service Corporation International",37.46,0.05,+0.13%,538,8.2%,91.8%,07/13/18
SSW,"Seaspan Corp",9.59,-0.18,-1.84%,537,86.6%,13.4%,07/13/18
GNW,"Genworth Financial Inc",4.61,0.03,+0.66%,537,56.6%,43.4%,07/13/18
ARCC,"Ares Capital Corp",16.54,-0.01,-0.06%,537,84.4%,15.6%,07/13/18
ECYT,"Endocyte Inc",17.26,-0.06,-0.35%,536,71.1%,28.9%,07/13/18
MXL,"Maxlinear Inc",16.55,-0.65,-3.78%,534,99.8%,0.2%,07/13/18
RGLD,"Royal Gold Inc",90.78,-1.05,-1.14%,532,78.2%,21.8%,07/13/18
MDCO,"Medicines Co",40.04,-0.84,-2.05%,532,58.8%,41.2%,07/13/18
GLDD,"Great Lakes Drg Dock",5.6,0.05,+0.90%,532,100.0%,0.0%,07/13/18
REI,"Ring Energy Inc",13.5,-0.03,-0.22%,529,94.7%,5.3%,07/13/18
VHC,"Virnetx Holding Corp",3.45,-0.05,-1.43%,528,91.5%,8.5%,07/13/18
NOG,"Northern Oil and Gas",3.41,-0.01,-0.29%,528,95.3%,4.7%,07/13/18
KLAC,"K L A-Tencor Corp",104.86,0.31,+0.30%,528,59.3%,40.7%,07/13/18
FTSI,"Fts International Inc.",12.74,-0.14,-1.09%,527,94.7%,5.3%,07/13/18
MRTX,"Mirati Therapeutics",49.25,0.55,+1.13%,523,53.5%,46.5%,07/13/18
AKAO,"Achaogen Inc",7.82,-0.52,-6.24%,522,61.9%,38.1%,07/13/18
OHI,"Omega Healthcare Investors",31.33,-0.33,-1.04%,520,49.0%,51.0%,07/13/18
SHPG,"Shire Plc Ads",172.88,0.59,+0.34%,517,76.8%,23.2%,07/13/18
FOMX,"Foamix Pharma Ord",5.8,0.09,+1.58%,517,48.7%,51.3%,07/13/18
SBLK,"Star Bulk Carriers",12.87,0.07,+0.55%,516,100.0%,0.0%,07/13/18
PRGS,"Progress Software",38.72,-0.9,-2.27%,515,96.9%,3.1%,07/13/18
DXCM,Dexcom,100.45,-4.19,-4.00%,515,55.0%,45.0%,07/13/18
ADMP,"Adamis Pharmaceuticl",4.03,0.13,+3.21%,515,43.5%,56.5%,07/13/18
TERP,"Terraform Power Inc",10.93,-0.23,-2.06%,509,77.0%,23.0%,07/13/18
TEAM,"Atlassian Cls A Ord",67.19,-1.07,-1.57%,509,52.5%,47.5%,07/13/18
CNAT,"Conatus Pharmaceutic",4.65,0.02,+0.43%,506,84.8%,15.2%,07/13/18
SHW,"Sherwin-Williams Company",418.39,4.31,+1.04%,502,70.9%,29.1%,07/13/18
ALDX,"Aldeyra Therapeu",8.55,0.15,+1.79%,502,100.0%,0.0%,07/13/18
HWCC,"Houston Wire Cable",8.02,-0.38,-4.46%,500,0.0%,100.0%,07/13/18
ASNA,"Ascena Retail Grp",3.28,-0.06,-1.80%,497,89.9%,10.1%,07/13/18
ATUS,"Altice USA Inc Class A",18.87,-0.09,-0.47%,495,53.1%,46.9%,07/13/18
MPLX,"Mplx LP",33.89,-0.11,-0.32%,494,67.2%,32.8%,07/13/18
CX,"Cemex S.A.B. De C.V.",6.77,-0.09,-1.31%,493,93.9%,6.1%,07/13/18
GDS,"Gds Holdings Ltd",43.75,-1.86,-4.08%,489,68.7%,31.3%,07/13/18
LL,"Lumber Liquidators Holdings Inc",26.18,0.4,+1.55%,488,78.5%,21.5%,07/13/18
CRR,"Carbo Ceramics",9.99,0.08,+0.81%,487,100.0%,0.0%,07/13/18
DEO,"Diageo Plc",148.35,0.87,+0.59%,486,65.4%,34.6%,07/13/18
WELL,"Welltower Inc",62.68,-0.48,-0.76%,485,76.9%,23.1%,07/13/18
VSAT,"Viasat Inc",69.91,-0.52,-0.74%,481,51.8%,48.2%,07/13/18
MTG,"Mgic Investment Corp",10.75,-0.12,-1.10%,480,96.0%,4.0%,07/13/18
NTRI,"Nutrisystem Inc",38.95,0.35,+0.91%,478,25.9%,74.1%,07/13/18
YPF,"Ypf Sociedad Anonima",15.06,-0.07,-0.46%,477,72.7%,27.3%,07/13/18
HUN,"Huntsman Corp",29.59,0.32,+1.09%,477,44.7%,55.3%,07/13/18
EGN,"Energen Corp",74.46,-0.17,-0.23%,477,54.1%,45.9%,07/13/18
SPGI,"S&P Global Inc",210.65,-0.1,-0.05%,476,47.9%,52.1%,07/13/18
VIAB,"Viacom Inc Cl B",30,-0.02,-0.07%,475,70.7%,29.3%,07/13/18
MTB,"M&T Bank Corp",166.45,-2.39,-1.42%,474,45.4%,54.6%,07/13/18
JKS,"Jinkosolar Holding Company Ltd",14.12,0.27,+1.95%,474,50.8%,49.2%,07/13/18
FLT,"Fleetcor Technologies",220.23,-0.27,-0.12%,474,27.4%,72.6%,07/13/18
PBI,"Pitney Bowes Inc",8.96,-0.04,-0.44%,473,61.7%,38.3%,07/13/18
AYI,"Acuity Brands Inc",134.46,2.1,+1.59%,471,57.5%,42.5%,07/13/18
AES,"The Aes Corp",13.18,0.08,+0.61%,471,95.3%,4.7%,07/13/18
GES,"Guess Inc",21.46,0.27,+1.27%,470,50.2%,49.8%,07/13/18
SBGI,"Sinclair Brdcst A",32.95,-0.05,-0.15%,469,24.5%,75.5%,07/13/18
IONS,"Ionis Pharmaceutical",45.24,-0.35,-0.77%,465,61.1%,38.9%,07/13/18
ONCE,"Spark Therap",84.97,-4.3,-4.82%,462,12.8%,87.2%,07/13/18
RDUS,"Radius Health",29.27,-1.25,-4.10%,461,34.9%,65.1%,07/13/18
KNX,"Knight-Swift Transporation Inc",37.91,-0.08,-0.21%,459,8.1%,91.9%,07/13/18
AGO,"Assured Guaranty Ltd",36.81,-0.79,-2.10%,455,56.5%,43.5%,07/13/18
SODA,"Sodastream Int Ltd",90.14,0.08,+0.09%,454,75.3%,24.7%,07/13/18
EDU,"New Oriental Education & Technology Group",97.14,-0.99,-1.01%,454,44.1%,55.9%,07/13/18
HUBS,"Hubspot Inc",131.95,-0.4,-0.30%,453,60.5%,39.5%,07/13/18
CRZO,"Carrizo Oil & Gas",28.46,-0.33,-1.15%,452,63.1%,36.9%,07/13/18
BTE,"Baytex Energy Corp",3.44,0.05,+1.47%,451,100.0%,0.0%,07/13/18
SMG,"Scotts Miracle-Gro Company",85.09,-0.83,-0.97%,448,60.7%,39.3%,07/13/18
TZOO,"Travelzoo Inc",20.4,-0.1,-0.49%,446,98.4%,1.6%,07/13/18
SLM,"SLM Corp",11.51,-0.24,-2.04%,446,99.8%,0.2%,07/13/18
INVA,"Innoviva Inc",14.91,0.07,+0.47%,445,98.2%,1.8%,07/13/18
MFGP,"Micro Focus Intl Plc",16.63,0.47,+2.91%,445,90.8%,9.2%,07/13/18
RFP,"Resolute Forest Products Inc",11.25,0.4,+3.69%,444,98.9%,1.1%,07/13/18
HSY,"Hershey Foods Corp",93.99,0.33,+0.35%,444,29.3%,70.7%,07/13/18
TRU,Transunion,74.58,-0.25,-0.33%,440,97.7%,2.3%,07/13/18
ALKS,"Alkermes Plc",44.27,0.69,+1.58%,439,70.8%,29.2%,07/13/18
PRGO,"Perrigo Company",75.9,-0.12,-0.16%,435,21.6%,78.4%,07/13/18
WTI,"W&T Offshore",8.08,-0.01,-0.12%,432,88.0%,12.0%,07/13/18
IPI,"Intrepid Potash Inc",4,-0.02,-0.50%,432,100.0%,0.0%,07/13/18
SSRM,"Silver Standard Resources Inc",10.02,-0.02,-0.20%,432,92.1%,7.9%,07/13/18
ETM,"Entercom Communications Corp",8,0,unch,430,27.2%,72.8%,07/13/18
TXRH,"Texas Roadhouse Inc",67.73,-0.1,-0.15%,429,57.3%,42.7%,07/13/18
AXL,"American Axle & Manufacturing",16.61,0.31,+1.90%,429,81.4%,18.6%,07/13/18
FNJN,"Finjan Holdings",4.47,-0.13,-2.83%,429,77.4%,22.6%,07/13/18
ZBRA,"Zebra Technologies",149.43,0.07,+0.05%,427,68.6%,31.4%,07/13/18
ESPR,"Esperion Theraptc",42.35,-0.2,-0.47%,426,67.8%,32.2%,07/13/18
TKR,"Timken Company",44.75,0.45,+1.02%,425,17.9%,82.1%,07/13/18
INSM,"Insmed Inc",25.34,-0.52,-2.01%,424,59.7%,40.3%,07/13/18
TAHO,"Tahoe Res Inc",4.86,-0.11,-2.21%,423,83.0%,17.0%,07/13/18
SBS,"Cia De Saneamento Basico Do Estado",6.22,0.04,+0.65%,422,50.0%,50.0%,07/13/18
CCK,"Crown Cork & Seal Company",45.36,-1.2,-2.58%,422,26.3%,73.7%,07/13/18
MMC,"Marsh & Mclennan Companies",86.56,0.67,+0.78%,420,16.7%,83.3%,07/13/18
JKHY,"Jack Henry & Assoc",135.38,-1.57,-1.15%,420,75.2%,24.8%,07/13/18
DVA,"Davita Healthcare Partners Inc",71.77,0.27,+0.38%,420,71.2%,28.8%,07/13/18
CNQ,"Canadian Natural Resources",36.9,0.32,+0.87%,420,64.0%,36.0%,07/13/18
LE,"Lands' End Inc",26,-0.55,-2.07%,420,14.0%,86.0%,07/13/18
STWD,"Starwood Property Trust",22.25,-0.05,-0.22%,415,100.0%,0.0%,07/13/18
MITK,"Mitek Systems Inc",9.35,0.15,+1.63%,415,51.8%,48.2%,07/13/18
AAP,"Advance Auto Parts Inc",139.34,0.55,+0.40%,415,65.1%,34.9%,07/13/18
JACK,"Jack In The Box Inc",86.93,-0.37,-0.42%,410,36.6%,63.4%,07/13/18
ROYT,"Pacific Coast Oil Trust",2.31,-0.01,-0.43%,408,100.0%,0.0%,07/13/18
GGAL,"Grupo Fin Galicia",34.72,-0.62,-1.75%,408,54.4%,45.6%,07/13/18
CERN,"Cerner Corp",61.47,0.48,+0.79%,407,56.8%,43.2%,07/13/18
ABC,"Amerisourcebergen Corp",87.91,1.11,+1.28%,405,59.3%,40.7%,07/13/18
SLP,"Simulations Plus Inc",18.05,0.95,+5.56%,405,60.5%,39.5%,07/13/18
ALLY,"Ally Financial",27.32,-0.02,-0.07%,404,31.2%,68.8%,07/13/18
SKT,"Tanger Factory Outlet Centers",23.47,-0.24,-1.01%,403,66.3%,33.7%,07/13/18
CENX,"Century Aluminum C",14.24,-0.33,-2.26%,401,42.6%,57.4%,07/13/18
NAV,"Navistar International Corp",43.09,0.61,+1.44%,398,81.4%,18.6%,07/13/18
CPE,"Callon Petroleum Company",10.89,-0.21,-1.89%,396,64.6%,35.4%,07/13/18
ADXS,"Advaxis Inc",1.34,0.12,+9.84%,395,84.6%,15.4%,07/13/18
ANDV,Andeavor,135.49,1.81,+1.35%,388,66.5%,33.5%,07/13/18
PNR,"Pentair Ltd",43.52,0.67,+1.56%,386,32.1%,67.9%,07/13/18
TRN,"Trinity Industries",34.79,0.17,+0.49%,385,82.3%,17.7%,07/13/18
KERX,"Keryx Biopharm Inc",4.39,0.03,+0.69%,385,97.4%,2.6%,07/13/18
ACHC,"Acadia Healthcr Co",43.45,0.14,+0.32%,384,10.2%,89.8%,07/13/18
SRNE,"Sorrento Therpt",7.1,-0.4,-5.33%,384,95.8%,4.2%,07/13/18
SECO,"Secoo Holding ADR",11.2,0.24,+2.19%,383,100.0%,0.0%,07/13/18
OMER,"Omeros Corp",21.01,0.01,+0.05%,382,79.1%,20.9%,07/13/18
XYL,"Xylem Inc",68.52,0.45,+0.66%,381,86.9%,13.1%,07/13/18
ATHM,"Autohome Inc",100.29,-4.72,-4.49%,381,46.2%,53.8%,07/13/18
RLGY,"Realogy Holdings Corp",23.22,-0.05,-0.21%,380,52.1%,47.9%,07/13/18
TGTX,"Tg Therapeuticscmn",13.45,0.05,+0.37%,378,75.9%,24.1%,07/13/18
NRZ,"New Residential Investment Corp",18.26,-0.03,-0.16%,378,48.7%,51.3%,07/13/18
ESIO,"Electro Sci Inds",17.25,-0.38,-2.16%,378,44.2%,55.8%,07/13/18
ZTS,"Zoetis Inc Class A",86.14,0.67,+0.78%,377,71.4%,28.6%,07/13/18
IDCC,"Interdigital Inc",84.75,-0.4,-0.47%,377,13.0%,87.0%,07/13/18
EROS,"Eros International Plc",13.65,-0.3,-2.15%,377,54.6%,45.4%,07/13/18
BJRI,"Bj's Restaurants Inc",61.75,1.2,+1.98%,374,53.5%,46.5%,07/13/18
GMS,"Gms Inc.",25.59,-0.01,-0.04%,374,60.4%,39.6%,07/13/18
LPI,"Laredo Petroleum Holdings Inc",9.81,-0.02,-0.20%,373,9.7%,90.3%,07/13/18
RARE,"Ultragenyx Pharmaceu",84.56,0.49,+0.58%,373,97.3%,2.7%,07/13/18
NS,"Nustar Energy LP",24.72,0.56,+2.32%,372,81.5%,18.5%,07/13/18
EGAN,"Egain Corp",13.75,-0.9,-6.14%,372,89.0%,11.0%,07/13/18
QRVO,"Qorvo Inc",81.37,-0.61,-0.74%,372,47.0%,53.0%,07/13/18
GRA,"W.R. Grace & Company",74.54,-0.07,-0.09%,371,84.4%,15.6%,07/13/18
WUBA,"58.Com Inc",65.73,0.58,+0.89%,369,74.0%,26.0%,07/13/18
CVTI,"Covenant Transportn",29.92,-0.39,-1.29%,368,94.0%,6.0%,07/13/18
IAG,"Iamgold Corp",5.77,-0.09,-1.54%,367,83.7%,16.3%,07/13/18
NEWR,"New Relic Inc",108.67,-0.58,-0.53%,367,24.5%,75.5%,07/13/18
DS,"Drive Shack Inc",7.28,-0.14,-1.89%,365,92.1%,7.9%,07/13/18
PVH,"Phillips-Van Heusen Corp",148.27,0.06,+0.04%,363,60.6%,39.4%,07/13/18
ENTG,"Entegris Inc",35.05,0.15,+0.43%,363,82.9%,17.1%,07/13/18
IPGP,"Ipg Photonics Corp",232.88,1.68,+0.73%,362,64.1%,35.9%,07/13/18
CRIS,"Curis Inc",1.9,0.03,+1.60%,361,100.0%,0.0%,07/13/18
AFSI,"Amtrust Financial",14.54,-0.04,-0.27%,361,100.0%,0.0%,07/13/18
TI,"Telecom Italia S.P.A.",7,-0.15,-2.10%,360,33.3%,66.7%,07/13/18
JBL,"Jabil Circuit",28.67,-0.08,-0.28%,360,33.3%,66.7%,07/13/18
DM,"Dominion Midstream Partners LP",14.35,0.1,+0.70%,360,68.3%,31.7%,07/13/18
ALSN,"Allison Transmission Holdings",41.82,0.85,+2.07%,360,14.2%,85.8%,07/13/18
SYK,"Stryker Corp",174.3,-0.03,-0.02%,359,71.6%,28.4%,07/13/18
NFX,"Newfield Exploration Company",30.1,0.39,+1.31%,358,58.9%,41.1%,07/13/18
MTZ,"Mastec Inc",51.95,0.6,+1.17%,358,25.7%,74.3%,07/13/18
ENPH,"Enphase Energy Inc",7.04,0.02,+0.28%,356,70.5%,29.5%,07/13/18
ITGR,"Integer Holdings Corp",73.5,5.15,+7.53%,355,92.7%,7.3%,07/13/18
ALT,"Altimmune Inc",0.51,0.06,+13.33%,355,100.0%,0.0%,07/13/18
ATGE,"Adtalem Global Education Inc",52.25,-0.4,-0.76%,354,33.6%,66.4%,07/13/18
"Downloaded from Barchart.com as of 07-16-2018 02:14am CDT"
